"Ngày","Lần cuối","Mở","Cao","Thấp","KL","% Thay đổi"
"09/05/2025","23,500.0","23,700.0","23,700.0","23,400.0","15.03M","-0.21%"
"08/05/2025","23,550.0","23,300.0","23,600.0","23,200.0","21.02M","1.29%"
"07/05/2025","23,250.0","23,550.0","23,600.0","23,200.0","21.89M","-1.27%"
"06/05/2025","23,550.0","23,600.0","23,700.0","23,500.0","22.79M","0.00%"
"05/05/2025","23,550.0","23,700.0","23,750.0","23,450.0","18.86M","0.00%"
"29/04/2025","23,550.0","23,700.0","23,750.0","23,550.0","13.18M","-0.63%"
"28/04/2025","23,700.0","23,800.0","23,850.0","23,550.0","23.07M","0.64%"
"25/04/2025","23,550.0","23,500.0","23,750.0","23,300.0","40.71M","1.29%"
"24/04/2025","23,250.0","23,400.0","23,400.0","23,050.0","18.10M","-0.64%"
"23/04/2025","23,400.0","23,450.0","23,700.0","23,100.0","33.86M","1.30%"
"22/04/2025","23,100.0","22,850.0","23,150.0","21,550.0","45.38M","0.65%"
"21/04/2025","22,950.0","23,500.0","23,500.0","22,800.0","37.14M","-1.29%"
"18/04/2025","23,250.0","23,100.0","23,450.0","23,050.0","31.56M","1.09%"
"17/04/2025","23,000.0","22,700.0","23,000.0","22,600.0","21.57M","0.44%"
"16/04/2025","22,900.0","23,000.0","23,250.0","22,750.0","21.90M","-0.43%"
"15/04/2025","23,000.0","23,000.0","23,400.0","22,900.0","29.51M","-1.92%"
"14/04/2025","23,450.0","23,500.0","23,550.0","23,150.0","31.68M","0.00%"
"11/04/2025","23,450.0","22,500.0","23,500.0","22,400.0","78.95M","6.35%"
"10/04/2025","22,050.0","22,050.0","22,050.0","22,050.0","1.69M","6.78%"
"09/04/2025","20,650.0","19,450.0","21,400.0","19,450.0","61.22M","-1.20%"
"08/04/2025","20,900.0","21,150.0","21,900.0","20,900.0","64.52M","-6.90%"
"04/04/2025","22,450.0","21,100.0","22,450.0","21,100.0","73.12M","-0.88%"
"03/04/2025","22,650.0","23,600.0","23,700.0","22,650.0","86.27M","-6.98%"
"02/04/2025","24,350.0","24,600.0","24,650.0","24,350.0","9.79M","-1.02%"
"01/04/2025","24,600.0","24,150.0","24,600.0","24,000.0","13.92M","2.07%"
"31/03/2025","24,100.0","23,850.0","24,100.0","23,800.0","18.70M","0.84%"
"28/03/2025","23,900.0","24,000.0","24,100.0","23,800.0","13.04M","0.00%"
"27/03/2025","23,900.0","24,000.0","24,100.0","23,900.0","12.43M","-0.42%"
"26/03/2025","24,000.0","24,150.0","24,400.0","24,000.0","18.28M","-0.83%"
"25/03/2025","24,200.0","24,500.0","24,550.0","24,150.0","12.74M","-0.82%"
"24/03/2025","24,400.0","24,300.0","24,400.0","23,950.0","15.57M","0.41%"
"21/03/2025","24,300.0","24,300.0","24,500.0","24,200.0","15.57M","0.21%"
"20/03/2025","24,250.0","24,000.0","24,350.0","23,900.0","21.14M","1.68%"
"19/03/2025","23,850.0","23,900.0","24,000.0","23,700.0","20.39M","-0.21%"
"18/03/2025","23,900.0","24,400.0","24,400.0","23,900.0","26.61M","-1.65%"
"17/03/2025","24,300.0","24,400.0","24,450.0","24,100.0","25.60M","0.00%"
"14/03/2025","24,300.0","24,250.0","24,450.0","24,150.0","19.72M","0.00%"
"13/03/2025","24,300.0","24,650.0","24,700.0","24,200.0","23.06M","-1.22%"
"12/03/2025","24,600.0","24,900.0","25,000.0","24,600.0","30.96M","-0.81%"
"11/03/2025","24,800.0","24,200.0","24,800.0","24,150.0","26.52M","1.22%"
"10/03/2025","24,500.0","24,750.0","24,900.0","24,450.0","19.42M","0.00%"
"07/03/2025","24,500.0","24,250.0","24,900.0","24,100.0","47.42M","1.66%"
"06/03/2025","24,100.0","23,700.0","24,100.0","23,500.0","25.92M","2.34%"
"05/03/2025","23,550.0","23,400.0","24,100.0","23,300.0","30.36M","0.64%"
"04/03/2025","23,400.0","23,050.0","23,600.0","22,850.0","21.37M","1.30%"
"03/03/2025","23,100.0","23,000.0","23,100.0","22,950.0","9.20M","0.43%"
"28/02/2025","23,000.0","23,100.0","23,150.0","22,950.0","11.05M","-0.86%"
"27/02/2025","23,200.0","23,200.0","23,250.0","22,950.0","12.77M","0.00%"
"26/02/2025","23,200.0","23,500.0","23,550.0","23,200.0","8.38M","-0.85%"
"25/02/2025","23,400.0","23,050.0","23,550.0","23,050.0","37.70M","1.74%"
"24/02/2025","23,000.0","22,800.0","23,050.0","22,800.0","13.46M","0.44%"
"21/02/2025","22,900.0","22,900.0","23,150.0","22,800.0","20.51M","0.22%"
"20/02/2025","22,850.0","23,000.0","23,000.0","22,850.0","10.83M","0.00%"
"19/02/2025","22,850.0","22,800.0","22,950.0","22,700.0","9.17M","0.66%"
"18/02/2025","22,700.0","22,650.0","22,950.0","22,600.0","10.08M","0.22%"
"17/02/2025","22,650.0","22,900.0","22,900.0","22,600.0","8.68M","-0.88%"
"14/02/2025","22,850.0","23,000.0","23,000.0","22,800.0","8.16M","-0.22%"
"13/02/2025","22,900.0","22,850.0","22,900.0","22,600.0","7.46M","0.88%"
"12/02/2025","22,700.0","23,000.0","23,050.0","22,700.0","7.19M","-1.30%"
"11/02/2025","23,000.0","23,000.0","23,000.0","22,850.0","7.74M","0.44%"
"10/02/2025","22,900.0","22,700.0","23,250.0","22,450.0","19.34M","0.66%"
"07/02/2025","22,750.0","22,700.0","23,000.0","22,400.0","14.19M","0.66%"
"06/02/2025","22,600.0","22,550.0","22,950.0","22,550.0","10.76M","0.44%"
"05/02/2025","22,500.0","22,500.0","22,550.0","22,300.0","7.23M","0.22%"
"04/02/2025","22,450.0","22,200.0","22,600.0","22,100.0","11.06M","1.81%"
"03/02/2025","22,050.0","22,050.0","22,250.0","21,950.0","9.09M","-1.56%"
"24/01/2025","22,400.0","22,050.0","22,450.0","22,050.0","9.80M","0.90%"
"23/01/2025","22,200.0","21,900.0","22,250.0","21,800.0","13.74M","1.83%"
"22/01/2025","21,800.0","21,950.0","21,950.0","21,750.0","5.96M","-0.23%"
"21/01/2025","21,850.0","21,950.0","22,050.0","21,750.0","6.77M","0.00%"
"20/01/2025","21,850.0","21,500.0","21,950.0","21,500.0","8.24M","1.63%"
"17/01/2025","21,500.0","21,500.0","21,500.0","21,350.0","4.48M","0.47%"
"16/01/2025","21,400.0","21,500.0","21,600.0","21,350.0","7.33M","0.23%"
"15/01/2025","21,350.0","21,450.0","21,500.0","21,300.0","4.73M","0.23%"
"14/01/2025","21,300.0","21,400.0","21,500.0","21,150.0","5.74M","-0.93%"
"13/01/2025","21,500.0","21,150.0","21,500.0","20,950.0","7.87M","1.65%"
"10/01/2025","21,150.0","21,450.0","21,500.0","21,150.0","8.68M","-1.63%"
"09/01/2025","21,500.0","21,600.0","21,700.0","21,450.0","4.37M","-0.46%"
"08/01/2025","21,600.0","21,450.0","21,700.0","21,450.0","6.54M","-0.23%"
"07/01/2025","21,650.0","21,700.0","21,700.0","21,200.0","11.80M","2.04%"
"06/01/2025","21,217.0","21,478.0","21,652.0","21,217.0","16.74M","-1.22%"
"03/01/2025","21,478.0","21,913.0","21,913.0","21,478.0","12.69M","-1.99%"
"02/01/2025","21,913.0","21,870.0","22,130.0","21,783.0","14.30M","0.40%"
"31/12/2024","21,826.0","21,565.0","21,826.0","21,565.0","12.93M","1.21%"
"30/12/2024","21,565.0","21,870.0","21,870.0","21,565.0","12.72M","-1.00%"
"27/12/2024","21,783.0","21,783.0","22,000.0","21,739.0","19.21M","0.61%"
"26/12/2024","21,652.0","21,304.0","21,652.0","21,261.0","22.89M","1.84%"
"25/12/2024","21,261.0","20,826.0","21,565.0","20,826.0","17.04M","2.30%"
"24/12/2024","20,783.0","20,913.0","20,913.0","20,739.0","4.00M","-0.62%"
"23/12/2024","20,913.0","20,870.0","21,000.0","20,870.0","3.78M","0.21%"
"20/12/2024","20,870.0","20,739.0","20,870.0","20,696.0","4.74M","0.63%"
"19/12/2024","20,739.0","20,696.0","20,913.0","20,696.0","12.02M","-1.44%"
"18/12/2024","21,043.0","21,000.0","21,043.0","20,913.0","4.35M","0.20%"
"17/12/2024","21,000.0","20,913.0","21,043.0","20,913.0","4.45M","0.21%"
"16/12/2024","20,957.0","21,087.0","21,174.0","20,870.0","6.55M","-0.62%"
"13/12/2024","21,087.0","21,087.0","21,174.0","21,043.0","5.06M","-0.20%"
"12/12/2024","21,130.0","21,217.0","21,348.0","21,130.0","6.61M","0.00%"
"11/12/2024","21,130.0","21,087.0","21,217.0","20,957.0","6.47M","0.20%"
"10/12/2024","21,087.0","21,217.0","21,304.0","21,087.0","5.76M","-0.61%"
"09/12/2024","21,217.0","21,217.0","21,348.0","21,087.0","6.73M","0.20%"
"06/12/2024","21,174.0","21,391.0","21,391.0","21,174.0","7.04M","-0.82%"
"05/12/2024","21,348.0","20,739.0","21,391.0","20,696.0","12.14M","2.94%"
"04/12/2024","20,739.0","20,783.0","20,870.0","20,696.0","7.06M","-0.42%"
"03/12/2024","20,826.0","21,000.0","21,043.0","20,826.0","7.56M","-0.83%"
"02/12/2024","21,000.0","21,043.0","21,130.0","20,913.0","4.73M","0.00%"
"29/11/2024","21,000.0","20,913.0","21,000.0","20,826.0","4.99M","0.62%"
"28/11/2024","20,870.0","21,043.0","21,087.0","20,870.0","7.58M","-0.42%"
"27/11/2024","20,957.0","20,870.0","21,087.0","20,783.0","4.68M","0.00%"
"26/11/2024","20,957.0","20,913.0","21,043.0","20,870.0","5.10M","0.63%"
"25/11/2024","20,826.0","20,870.0","20,913.0","20,783.0","5.53M","-0.21%"
"22/11/2024","20,870.0","20,826.0","21,043.0","20,783.0","8.45M","0.00%"
"21/11/2024","20,870.0","20,522.0","20,870.0","20,348.0","7.57M","1.91%"
"20/11/2024","20,478.0","20,130.0","20,609.0","20,130.0","11.17M","1.73%"
"19/11/2024","20,130.0","20,435.0","20,522.0","20,130.0","8.72M","-1.07%"
"18/11/2024","20,348.0","20,435.0","20,565.0","20,087.0","17.28M","-0.43%"
"15/11/2024","20,435.0","20,609.0","20,696.0","20,435.0","13.55M","-1.26%"
"14/11/2024","20,696.0","20,957.0","20,957.0","20,696.0","9.69M","-1.45%"
"13/11/2024","21,000.0","20,957.0","21,087.0","20,739.0","12.26M","0.21%"
"12/11/2024","20,957.0","21,130.0","21,174.0","20,957.0","10.13M","-0.82%"
"11/11/2024","21,130.0","21,348.0","21,391.0","20,826.0","19.71M","-1.02%"
"08/11/2024","21,348.0","21,609.0","21,652.0","21,217.0","8.83M","-1.01%"
"07/11/2024","21,565.0","21,739.0","21,739.0","21,565.0","5.43M","-0.20%"
"06/11/2024","21,609.0","21,435.0","21,652.0","21,304.0","7.55M","1.64%"
"05/11/2024","21,261.0","21,348.0","21,391.0","21,217.0","7.47M","0.00%"
"04/11/2024","21,261.0","21,478.0","21,522.0","21,217.0","13.69M","-0.61%"
"01/11/2024","21,391.0","21,696.0","21,783.0","21,391.0","10.71M","-1.80%"
"31/10/2024","21,783.0","21,739.0","21,913.0","21,565.0","7.66M","0.20%"
"30/10/2024","21,739.0","21,739.0","21,870.0","21,478.0","7.27M","0.00%"
"29/10/2024","21,739.0","21,652.0","21,826.0","21,609.0","6.14M","0.81%"
"28/10/2024","21,565.0","21,522.0","21,609.0","21,435.0","4.45M","0.61%"
"25/10/2024","21,435.0","21,565.0","21,565.0","21,348.0","12.20M","-0.20%"
"24/10/2024","21,478.0","21,957.0","22,087.0","21,478.0","18.68M","-2.18%"
"23/10/2024","21,957.0","21,957.0","22,043.0","21,870.0","13.38M","0.00%"
"22/10/2024","21,957.0","22,174.0","22,304.0","21,870.0","23.38M","-1.17%"
"21/10/2024","22,217.0","22,391.0","22,522.0","22,217.0","10.82M","-0.78%"
"18/10/2024","22,391.0","22,609.0","22,783.0","22,348.0","21.25M","-0.58%"
"17/10/2024","22,522.0","22,217.0","22,522.0","22,043.0","13.43M","1.57%"
"16/10/2024","22,174.0","22,304.0","22,304.0","22,087.0","12.45M","-0.58%"
"15/10/2024","22,304.0","22,565.0","22,696.0","22,304.0","17.73M","-0.77%"
"14/10/2024","22,478.0","22,304.0","22,696.0","22,174.0","17.91M","1.17%"
"11/10/2024","22,217.0","22,174.0","22,261.0","22,043.0","7.46M","0.19%"
"10/10/2024","22,174.0","22,348.0","22,565.0","22,174.0","14.18M","-0.39%"
"09/10/2024","22,261.0","22,000.0","22,304.0","21,957.0","16.49M","1.59%"
"08/10/2024","21,913.0","21,913.0","22,174.0","21,826.0","13.76M","0.00%"
"07/10/2024","21,913.0","22,000.0","22,087.0","21,739.0","11.71M","0.40%"
"04/10/2024","21,826.0","22,174.0","22,174.0","21,826.0","21.39M","-1.57%"
"03/10/2024","22,174.0","22,304.0","22,696.0","22,087.0","24.14M","-0.78%"
"02/10/2024","22,348.0","22,217.0","22,478.0","22,174.0","14.74M","0.20%"
"01/10/2024","22,304.0","22,391.0","22,739.0","22,304.0","21.58M","-0.20%"
"30/09/2024","22,348.0","22,130.0","22,435.0","22,130.0","16.56M","0.00%"
"27/09/2024","22,348.0","22,348.0","22,739.0","22,261.0","20.86M","0.00%"
"26/09/2024","22,348.0","22,391.0","22,565.0","22,174.0","30.45M","-0.19%"
"25/09/2024","22,391.0","22,087.0","22,522.0","22,043.0","36.85M","1.98%"
"24/09/2024","21,957.0","21,652.0","22,000.0","21,565.0","20.22M","1.82%"
"23/09/2024","21,565.0","21,565.0","22,087.0","21,565.0","21.67M","0.20%"
"20/09/2024","21,522.0","21,348.0","21,739.0","21,348.0","30.27M","1.44%"
"19/09/2024","21,217.0","21,261.0","21,348.0","21,174.0","7.73M","0.00%"
"18/09/2024","21,217.0","21,130.0","21,391.0","21,000.0","15.59M","0.62%"
"17/09/2024","21,087.0","20,870.0","21,087.0","20,696.0","9.52M","1.46%"
"16/09/2024","20,783.0","20,783.0","21,087.0","20,739.0","9.68M","0.00%"
"13/09/2024","20,783.0","20,913.0","20,913.0","20,739.0","5.06M","-0.42%"
"12/09/2024","20,870.0","20,870.0","21,000.0","20,826.0","6.47M","0.42%"
"11/09/2024","20,783.0","20,652.0","20,913.0","20,435.0","11.14M","0.63%"
"10/09/2024","20,652.0","20,913.0","21,043.0","20,565.0","14.24M","-0.84%"
"09/09/2024","20,826.0","20,783.0","20,826.0","20,652.0","8.93M","-0.21%"
"06/09/2024","20,870.0","20,783.0","20,913.0","20,652.0","16.88M","0.21%"
"05/09/2024","20,826.0","21,217.0","21,478.0","20,783.0","18.93M","-1.84%"
"04/09/2024","21,217.0","21,261.0","21,391.0","21,174.0","17.42M","-1.81%"
"30/08/2024","21,609.0","21,609.0","21,739.0","21,565.0","10.20M","0.00%"
"29/08/2024","21,609.0","21,435.0","21,913.0","21,435.0","26.01M","0.81%"
"28/08/2024","21,435.0","21,261.0","21,478.0","21,174.0","13.91M","1.03%"
"27/08/2024","21,217.0","21,174.0","21,304.0","21,130.0","11.61M","-0.21%"
"26/08/2024","21,261.0","21,478.0","21,565.0","21,130.0","11.75M","-0.41%"
"23/08/2024","21,348.0","21,217.0","21,435.0","21,130.0","11.01M","0.62%"
"22/08/2024","21,217.0","21,609.0","21,652.0","21,217.0","15.03M","-1.42%"
"21/08/2024","21,522.0","21,087.0","21,565.0","20,913.0","24.75M","2.06%"
"20/08/2024","21,087.0","20,957.0","21,304.0","20,913.0","18.83M","0.83%"
"19/08/2024","20,913.0","20,957.0","21,087.0","20,826.0","10.28M","0.00%"
"16/08/2024","20,913.0","20,348.0","20,957.0","20,304.0","24.16M","3.44%"
"15/08/2024","20,217.0","20,348.0","20,478.0","20,217.0","9.07M","-0.64%"
"14/08/2024","20,348.0","20,652.0","20,652.0","20,348.0","7.56M","-0.85%"
"13/08/2024","20,522.0","20,565.0","20,652.0","20,348.0","7.73M","-0.42%"
"12/08/2024","20,609.0","20,435.0","20,609.0","20,304.0","11.77M","1.07%"
"09/08/2024","20,391.0","20,174.0","20,435.0","20,174.0","9.74M","1.74%"
"08/08/2024","20,043.0","20,261.0","20,435.0","20,000.0","11.74M","-1.29%"
"07/08/2024","20,304.0","20,348.0","20,435.0","20,174.0","11.74M","-0.22%"
"06/08/2024","20,348.0","20,174.0","20,435.0","20,000.0","19.51M","1.96%"
"05/08/2024","19,957.0","20,043.0","20,478.0","19,826.0","35.91M","-3.57%"
"02/08/2024","20,696.0","20,000.0","20,696.0","20,000.0","27.33M","1.71%"
"01/08/2024","20,348.0","21,217.0","21,348.0","20,217.0","37.19M","-4.10%"
"31/07/2024","21,217.0","21,304.0","21,652.0","21,043.0","23.46M","-0.41%"
"30/07/2024","21,304.0","20,957.0","21,304.0","20,739.0","22.51M","1.66%"
"29/07/2024","20,957.0","21,261.0","21,261.0","20,957.0","10.93M","-0.82%"
"26/07/2024","21,130.0","20,783.0","21,174.0","20,739.0","13.98M","1.46%"
"25/07/2024","20,826.0","20,739.0","20,957.0","20,435.0","23.44M","0.00%"
"24/07/2024","20,826.0","20,696.0","21,087.0","20,565.0","29.71M","0.21%"
"23/07/2024","20,783.0","22,043.0","22,043.0","20,696.0","55.08M","-5.16%"
"22/07/2024","21,913.0","22,000.0","22,391.0","21,435.0","38.88M","-0.79%"
"19/07/2024","22,087.0","21,652.0","22,304.0","21,565.0","52.42M","2.01%"
"18/07/2024","21,652.0","21,391.0","21,739.0","20,957.0","34.58M","1.63%"
"17/07/2024","21,304.0","20,696.0","21,870.0","20,478.0","83.21M","4.03%"
"16/07/2024","20,478.0","20,087.0","20,826.0","20,043.0","28.48M","2.17%"
"15/07/2024","20,043.0","20,043.0","20,174.0","19,957.0","5.07M","0.22%"
"12/07/2024","20,000.0","19,957.0","20,174.0","19,913.0","8.48M","-0.43%"
"11/07/2024","20,087.0","20,391.0","20,435.0","20,087.0","8.85M","-0.86%"
"10/07/2024","20,261.0","20,130.0","20,522.0","20,130.0","22.07M","0.65%"
"09/07/2024","20,130.0","19,826.0","20,130.0","19,696.0","15.44M","1.98%"
"08/07/2024","19,739.0","19,826.0","19,957.0","19,652.0","8.10M","-0.44%"
"05/07/2024","19,826.0","19,826.0","19,870.0","19,652.0","7.17M","0.00%"
"04/07/2024","19,826.0","19,913.0","20,000.0","19,652.0","6.57M","-0.44%"
"03/07/2024","19,913.0","19,826.0","19,957.0","19,652.0","8.08M","0.88%"
"02/07/2024","19,739.0","19,565.0","19,870.0","19,522.0","11.42M","1.11%"
"01/07/2024","19,522.0","19,348.0","19,522.0","19,261.0","4.75M","1.13%"
"28/06/2024","19,304.0","19,609.0","19,609.0","19,304.0","11.01M","-1.33%"
"27/06/2024","19,565.0","19,522.0","19,652.0","19,478.0","7.09M","0.00%"
"26/06/2024","19,565.0","19,652.0","19,696.0","19,435.0","12.75M","-0.44%"
"25/06/2024","19,652.0","19,739.0","19,870.0","19,565.0","10.21M","-0.22%"
"24/06/2024","19,696.0","20,087.0","20,174.0","19,609.0","29.25M","-2.37%"
"21/06/2024","20,174.0","20,217.0","20,304.0","20,087.0","11.65M","-0.21%"
"20/06/2024","20,217.0","20,348.0","20,391.0","20,130.0","15.75M","-0.22%"
"19/06/2024","20,261.0","20,348.0","20,391.0","20,043.0","15.27M","0.22%"
"18/06/2024","20,217.0","20,435.0","20,478.0","20,217.0","13.75M","0.00%"
"17/06/2024","20,217.0","20,348.0","20,348.0","19,957.0","19.62M","0.65%"
"14/06/2024","20,087.0","20,870.0","20,870.0","20,087.0","29.35M","-1.91%"
"13/06/2024","20,478.0","20,174.0","20,609.0","20,130.0","44.80M","1.95%"
"12/06/2024","20,087.0","19,609.0","20,087.0","19,478.0","28.98M","2.44%"
"11/06/2024","19,609.0","19,696.0","19,739.0","19,522.0","12.14M","-0.44%"
"10/06/2024","19,696.0","19,609.0","19,913.0","19,565.0","15.35M","0.89%"
"07/06/2024","19,522.0","19,609.0","19,696.0","19,391.0","9.75M","0.45%"
"06/06/2024","19,435.0","19,478.0","19,652.0","19,391.0","11.51M","0.68%"
"05/06/2024","19,304.0","19,609.0","19,739.0","19,304.0","15.71M","-1.33%"
"04/06/2024","19,565.0","19,783.0","19,826.0","19,565.0","10.39M","-0.44%"
"03/06/2024","19,652.0","19,087.0","19,826.0","19,087.0","28.41M","3.91%"
"31/05/2024","18,913.0","19,000.0","19,130.0","18,913.0","17.17M","-0.46%"
"30/05/2024","19,000.0","19,217.0","19,261.0","18,870.0","33.14M","-2.02%"
"29/05/2024","19,391.0","19,652.0","19,696.0","19,391.0","19.67M","-1.33%"
"28/05/2024","19,652.0","19,739.0","19,783.0","19,435.0","15.07M","0.67%"
"27/05/2024","19,522.0","19,652.0","19,652.0","19,435.0","9.19M","0.00%"
"24/05/2024","19,522.0","19,609.0","20,261.0","19,261.0","41.81M","-1.53%"
"23/05/2024","19,826.0","19,739.0","19,870.0","19,565.0","15.04M","0.44%"
"22/05/2024","19,739.0","20,079.0","20,122.0","19,739.0","23.05M","-1.69%"
"21/05/2024","20,079.0","19,952.0","20,079.0","19,782.0","18.86M","0.64%"
"20/05/2024","19,952.0","20,079.0","20,079.0","19,909.0","20.61M","0.86%"
"17/05/2024","19,782.0","19,952.0","19,952.0","19,697.0","17.79M","-0.64%"
"16/05/2024","19,909.0","19,697.0","20,037.0","19,569.0","36.15M","2.18%"
"15/05/2024","19,484.0","19,526.0","19,611.0","19,399.0","17.60M","0.22%"
"14/05/2024","19,441.0","19,484.0","19,739.0","19,314.0","19.17M","0.88%"
"13/05/2024","19,271.0","19,229.0","19,569.0","19,229.0","16.10M","0.22%"
"10/05/2024","19,229.0","19,356.0","19,484.0","19,144.0","13.13M","-0.22%"
"09/05/2024","19,271.0","19,229.0","19,399.0","19,016.0","17.99M","0.44%"
"08/05/2024","19,186.0","19,058.0","19,314.0","18,973.0","24.65M","-0.88%"
"07/05/2024","19,356.0","19,569.0","19,611.0","19,271.0","11.05M","-0.66%"
"06/05/2024","19,484.0","19,186.0","19,526.0","19,186.0","18.63M","2.24%"
"03/05/2024","19,058.0","19,229.0","19,399.0","18,973.0","13.64M","0.00%"
"02/05/2024","19,058.0","18,973.0","19,186.0","18,888.0","12.74M","0.67%"
"26/04/2024","18,931.0","18,718.0","19,101.0","18,718.0","15.33M","0.00%"
"25/04/2024","18,931.0","19,229.0","19,229.0","18,846.0","14.95M","-1.33%"
"24/04/2024","19,186.0","18,888.0","19,271.0","18,676.0","21.45M","2.50%"
"23/04/2024","18,718.0","19,229.0","19,314.0","18,505.0","36.80M","-2.66%"
"22/04/2024","19,229.0","19,399.0","19,611.0","19,186.0","20.22M","-0.44%"
"19/04/2024","19,314.0","19,229.0","19,824.0","19,229.0","32.41M","-1.73%"
"17/04/2024","19,654.0","20,420.0","20,462.0","19,654.0","27.58M","-3.35%"
"16/04/2024","20,335.0","19,909.0","20,335.0","19,611.0","37.63M","2.14%"
"15/04/2024","19,909.0","20,803.0","21,313.0","19,569.0","54.73M","-5.07%"
"12/04/2024","20,973.0","20,292.0","21,015.0","20,207.0","27.50M","3.79%"
"11/04/2024","20,207.0","19,994.0","20,292.0","19,909.0","10.36M","-0.21%"
"10/04/2024","20,250.0","20,675.0","20,718.0","20,250.0","24.24M","-0.83%"
"09/04/2024","20,420.0","19,994.0","20,420.0","19,909.0","18.10M","2.13%"
"08/04/2024","19,994.0","19,909.0","20,250.0","19,697.0","28.42M","0.64%"
"05/04/2024","19,867.0","20,037.0","20,207.0","19,824.0","29.18M","-1.89%"
"04/04/2024","20,250.0","20,590.0","20,632.0","20,250.0","31.96M","-1.65%"
"03/04/2024","20,590.0","21,100.0","21,100.0","20,590.0","25.94M","-2.42%"
"02/04/2024","21,100.0","20,930.0","21,100.0","20,590.0","33.32M","-0.41%"
"01/04/2024","21,186.0","21,441.0","21,483.0","21,015.0","22.12M","-1.97%"
"29/03/2024","21,611.0","21,739.0","21,739.0","21,398.0","13.40M","-0.39%"
"28/03/2024","21,696.0","21,824.0","21,866.0","21,441.0","18.39M","0.79%"
"27/03/2024","21,526.0","21,483.0","21,611.0","21,271.0","13.12M","0.20%"
"26/03/2024","21,483.0","21,015.0","21,483.0","20,930.0","17.95M","2.23%"
"25/03/2024","21,015.0","21,313.0","21,568.0","20,930.0","24.40M","-1.40%"
"22/03/2024","21,313.0","21,271.0","21,866.0","21,143.0","47.76M","1.21%"
"21/03/2024","21,058.0","20,675.0","21,058.0","20,505.0","35.62M","2.49%"
"20/03/2024","20,547.0","19,739.0","20,760.0","19,654.0","45.26M","4.09%"
"19/03/2024","19,739.0","19,739.0","19,867.0","19,526.0","15.65M","0.00%"
"18/03/2024","19,739.0","20,207.0","20,250.0","19,058.0","36.55M","-2.52%"
"15/03/2024","20,250.0","19,952.0","20,292.0","19,697.0","21.72M","1.49%"
"14/03/2024","19,952.0","20,377.0","20,377.0","19,909.0","21.11M","-1.68%"
"13/03/2024","20,292.0","19,654.0","20,292.0","19,654.0","17.55M","3.25%"
"12/03/2024","19,654.0","19,484.0","19,782.0","19,356.0","21.99M","0.66%"
"11/03/2024","19,526.0","20,037.0","20,079.0","19,399.0","40.15M","-2.75%"
"08/03/2024","20,079.0","20,845.0","20,845.0","20,079.0","56.79M","-3.28%"
"07/03/2024","20,760.0","21,015.0","21,100.0","20,718.0","22.72M","-0.81%"
"06/03/2024","20,930.0","20,930.0","21,398.0","20,718.0","34.35M","0.00%"
"05/03/2024","20,930.0","20,590.0","20,973.0","20,505.0","26.18M","1.65%"
"04/03/2024","20,590.0","20,505.0","20,803.0","20,207.0","36.74M","0.83%"
"01/03/2024","20,420.0","20,505.0","20,547.0","20,250.0","23.55M","-0.62%"
"29/02/2024","20,547.0","20,845.0","20,888.0","20,377.0","27.64M","-1.03%"
"28/02/2024","20,760.0","20,718.0","20,888.0","20,547.0","22.17M","0.62%"
"27/02/2024","20,632.0","20,462.0","20,803.0","20,292.0","26.34M","1.04%"
"26/02/2024","20,420.0","20,335.0","20,462.0","20,122.0","24.59M","0.42%"
"23/02/2024","20,335.0","20,420.0","21,015.0","20,207.0","56.41M","-0.21%"
"22/02/2024","20,377.0","20,420.0","20,505.0","20,292.0","17.19M","-0.21%"
"21/02/2024","20,420.0","20,292.0","20,590.0","20,165.0","28.73M","0.63%"
"20/02/2024","20,292.0","20,292.0","20,505.0","20,122.0","23.36M","-0.42%"
"19/02/2024","20,377.0","20,420.0","20,505.0","20,079.0","24.10M","-0.21%"
"16/02/2024","20,420.0","20,505.0","20,505.0","20,165.0","18.59M","-0.62%"
"15/02/2024","20,547.0","20,165.0","20,590.0","20,037.0","27.71M","2.77%"
"07/02/2024","19,994.0","19,654.0","20,165.0","19,654.0","24.36M","1.95%"
"06/02/2024","19,611.0","19,569.0","19,697.0","19,526.0","13.25M","0.44%"
"05/02/2024","19,526.0","18,505.0","19,697.0","18,505.0","42.66M","5.52%"
"02/02/2024","18,505.0","18,633.0","18,718.0","18,505.0","17.35M","-0.69%"
"01/02/2024","18,633.0","18,463.0","18,676.0","18,378.0","13.11M","0.69%"
"31/01/2024","18,505.0","18,931.0","18,931.0","18,420.0","32.02M","-1.58%"
"30/01/2024","18,803.0","18,846.0","18,931.0","18,591.0","16.51M","-0.23%"
"29/01/2024","18,846.0","18,718.0","19,101.0","18,718.0","18.02M","0.68%"
"26/01/2024","18,718.0","18,633.0","18,846.0","18,633.0","10.92M","0.46%"
"25/01/2024","18,633.0","18,676.0","18,676.0","18,463.0","16.90M","0.00%"
"24/01/2024","18,633.0","18,591.0","18,846.0","18,548.0","14.59M","-0.23%"
"23/01/2024","18,676.0","18,803.0","19,016.0","18,633.0","18.29M","-0.68%"
"22/01/2024","18,803.0","18,973.0","19,186.0","18,718.0","33.50M","0.22%"
"19/01/2024","18,761.0","18,548.0","18,846.0","18,463.0","24.85M","1.61%"
"18/01/2024","18,463.0","18,208.0","18,505.0","18,123.0","27.17M","0.93%"
"17/01/2024","18,293.0","18,378.0","18,548.0","18,123.0","23.56M","0.00%"
"16/01/2024","18,293.0","18,250.0","18,293.0","17,995.0","20.12M","0.24%"
"15/01/2024","18,250.0","18,293.0","18,633.0","18,208.0","28.84M","0.47%"
"12/01/2024","18,165.0","17,442.0","18,335.0","17,357.0","52.79M","3.39%"
"11/01/2024","17,570.0","17,782.0","17,952.0","17,442.0","28.39M","-1.19%"
"10/01/2024","17,782.0","17,740.0","17,995.0","17,570.0","28.39M","0.24%"
"09/01/2024","17,740.0","17,655.0","17,782.0","17,442.0","22.76M","0.73%"
"08/01/2024","17,612.0","17,527.0","17,740.0","17,357.0","23.17M","0.97%"
"05/01/2024","17,442.0","17,102.0","17,442.0","17,102.0","25.89M","1.99%"
"04/01/2024","17,102.0","16,293.0","17,399.0","16,293.0","56.83M","4.97%"
"03/01/2024","16,293.0","15,953.0","16,336.0","15,910.0","15.93M","1.59%"
"02/01/2024","16,038.0","15,910.0","16,166.0","15,868.0","15.85M","1.07%"
"29/12/2023","15,868.0","15,825.0","16,038.0","15,783.0","15.89M","0.54%"
"28/12/2023","15,783.0","15,655.0","15,825.0","15,613.0","11.36M","0.82%"
"27/12/2023","15,655.0","15,740.0","15,740.0","15,613.0","6.65M","-0.27%"
"26/12/2023","15,698.0","15,655.0","15,740.0","15,570.0","4.90M","0.27%"
"25/12/2023","15,655.0","15,613.0","15,783.0","15,570.0","7.57M","0.55%"
"22/12/2023","15,570.0","15,442.0","15,698.0","15,400.0","9.83M","0.83%"
"21/12/2023","15,442.0","15,400.0","15,442.0","15,315.0","4.58M","0.00%"
"20/12/2023","15,442.0","15,442.0","15,485.0","15,357.0","3.55M","0.00%"
"19/12/2023","15,442.0","15,315.0","15,485.0","15,272.0","6.78M","0.83%"
"18/12/2023","15,315.0","15,357.0","15,442.0","15,272.0","6.07M","-0.27%"
"15/12/2023","15,357.0","15,357.0","15,485.0","15,315.0","6.37M","0.00%"
"14/12/2023","15,357.0","15,442.0","15,485.0","15,315.0","6.10M","0.00%"
"13/12/2023","15,357.0","15,528.0","15,613.0","15,357.0","8.25M","-1.10%"
"12/12/2023","15,528.0","15,442.0","15,528.0","15,400.0","5.61M","0.56%"
"11/12/2023","15,442.0","15,485.0","15,528.0","15,357.0","5.61M","-0.28%"
"08/12/2023","15,485.0","15,528.0","15,613.0","15,442.0","8.59M","-0.28%"
"07/12/2023","15,528.0","15,442.0","15,613.0","15,357.0","16.00M","0.83%"
"06/12/2023","15,400.0","15,357.0","15,442.0","15,315.0","8.07M","0.28%"
"05/12/2023","15,357.0","15,357.0","15,400.0","15,272.0","7.03M","0.00%"
"04/12/2023","15,357.0","15,145.0","15,400.0","15,145.0","19.94M","1.40%"
"01/12/2023","15,145.0","15,187.0","15,187.0","15,060.0","5.07M","0.00%"
"30/11/2023","15,145.0","15,187.0","15,272.0","15,102.0","6.52M","-0.28%"
"29/11/2023","15,187.0","15,145.0","15,230.0","15,060.0","6.26M","0.00%"
"28/11/2023","15,187.0","14,975.0","15,230.0","14,847.0","7.65M","1.42%"
"27/11/2023","14,975.0","15,187.0","15,272.0","14,932.0","8.18M","-1.40%"
"24/11/2023","15,187.0","15,230.0","15,315.0","14,975.0","9.22M","-0.28%"
"23/11/2023","15,230.0","15,400.0","15,442.0","15,230.0","8.08M","-0.83%"
"22/11/2023","15,357.0","15,442.0","15,442.0","15,272.0","8.75M","-0.28%"
"21/11/2023","15,400.0","15,485.0","15,528.0","15,272.0","6.73M","0.56%"
"20/11/2023","15,315.0","15,102.0","15,528.0","15,102.0","10.33M","-1.10%"
"17/11/2023","15,485.0","15,825.0","15,825.0","15,230.0","15.28M","-1.62%"
"16/11/2023","15,740.0","15,698.0","15,783.0","15,613.0","5.83M","-0.27%"
"15/11/2023","15,783.0","15,910.0","15,953.0","15,698.0","15.63M","0.54%"
"14/11/2023","15,698.0","15,442.0","15,868.0","15,442.0","15.91M","1.94%"
"13/11/2023","15,400.0","15,315.0","15,442.0","15,187.0","7.65M","0.56%"
"10/11/2023","15,315.0","15,485.0","15,655.0","15,272.0","14.73M","-1.91%"
"09/11/2023","15,613.0","15,655.0","15,740.0","15,528.0","11.19M","0.00%"
"08/11/2023","15,613.0","15,145.0","15,655.0","15,060.0","12.33M","3.09%"
"07/11/2023","15,145.0","15,272.0","15,315.0","15,060.0","5.22M","-0.83%"
"06/11/2023","15,272.0","14,975.0","15,315.0","14,932.0","9.97M","3.16%"
"03/11/2023","14,804.0","15,145.0","15,187.0","14,804.0","13.65M","-1.70%"
"02/11/2023","15,060.0","14,762.0","15,102.0","14,719.0","7.97M","2.91%"
"01/11/2023","14,634.0","14,634.0","14,719.0","14,549.0","6.12M","0.58%"
"31/10/2023","14,549.0","14,634.0","14,719.0","14,421.0","7.58M","0.59%"
"30/10/2023","14,464.0","14,677.0","14,847.0","14,464.0","3.84M","-2.58%"
"27/10/2023","14,847.0","14,677.0","14,889.0","14,592.0","10.43M","1.46%"
"26/10/2023","14,634.0","15,017.0","15,017.0","14,507.0","14.20M","-3.37%"
"25/10/2023","15,145.0","15,272.0","15,357.0","15,145.0","5.17M","-0.56%"
"24/10/2023","15,230.0","15,145.0","15,315.0","15,102.0","5.04M","0.56%"
"23/10/2023","15,145.0","15,272.0","15,315.0","15,060.0","4.28M","-0.83%"
"20/10/2023","15,272.0","15,017.0","15,315.0","14,889.0","5.96M","1.70%"
"19/10/2023","15,017.0","15,102.0","15,230.0","14,975.0","6.49M","-0.56%"
"18/10/2023","15,102.0","15,400.0","15,485.0","14,975.0","12.59M","-1.94%"
"17/10/2023","15,400.0","15,570.0","15,698.0","15,400.0","6.26M","-0.55%"
"16/10/2023","15,485.0","15,698.0","15,698.0","15,485.0","6.28M","-1.36%"
"13/10/2023","15,698.0","15,570.0","15,740.0","15,528.0","6.69M","0.54%"
"12/10/2023","15,613.0","15,740.0","15,783.0","15,613.0","6.26M","-0.81%"
"11/10/2023","15,740.0","15,655.0","15,740.0","15,570.0","5.53M","0.27%"
"10/10/2023","15,698.0","15,655.0","15,783.0","15,613.0","8.48M","0.82%"
"09/10/2023","15,570.0","15,442.0","15,570.0","15,315.0","12.83M","0.83%"
"06/10/2023","15,442.0","15,357.0","15,485.0","15,272.0","5.59M","0.55%"
"05/10/2023","15,357.0","15,485.0","15,570.0","15,315.0","8.53M","-0.55%"
"04/10/2023","15,442.0","15,357.0","15,528.0","15,272.0","8.52M","0.55%"
"03/10/2023","15,357.0","15,655.0","15,740.0","15,315.0","12.95M","-2.96%"
"02/10/2023","15,825.0","15,783.0","15,910.0","15,655.0","5.20M","0.54%"
"29/09/2023","15,740.0","15,740.0","15,868.0","15,740.0","4.78M","0.00%"
"28/09/2023","15,740.0","15,613.0","15,783.0","15,485.0","7.71M","0.00%"
"27/09/2023","15,740.0","15,442.0","15,740.0","15,442.0","9.97M","1.37%"
"26/09/2023","15,528.0","15,442.0","15,698.0","15,400.0","12.76M","0.83%"
"25/09/2023","15,400.0","15,910.0","15,953.0","15,400.0","15.44M","-3.21%"
"22/09/2023","15,910.0","15,953.0","15,995.0","15,570.0","21.81M","-1.32%"
"21/09/2023","16,123.0","16,336.0","16,463.0","16,038.0","14.48M","-1.30%"
"20/09/2023","16,336.0","16,208.0","16,336.0","16,123.0","10.25M","1.05%"
"19/09/2023","16,166.0","16,293.0","16,336.0","16,081.0","13.27M","-0.78%"
"18/09/2023","16,293.0","16,506.0","16,506.0","16,166.0","13.55M","-1.29%"
"15/09/2023","16,506.0","16,336.0","16,761.0","16,251.0","30.28M","1.31%"
"14/09/2023","16,293.0","16,251.0","16,463.0","16,166.0","17.17M","0.52%"
"13/09/2023","16,208.0","16,421.0","16,463.0","16,081.0","15.49M","-1.04%"
"12/09/2023","16,378.0","16,038.0","16,378.0","15,953.0","12.56M","2.66%"
"11/09/2023","15,953.0","16,463.0","16,463.0","15,953.0","17.30M","-1.83%"
"08/09/2023","16,251.0","16,421.0","16,463.0","16,251.0","12.84M","-1.04%"
"07/09/2023","16,421.0","16,378.0","16,676.0","16,293.0","25.60M","0.26%"
"06/09/2023","16,378.0","16,336.0","16,378.0","16,081.0","15.89M","0.52%"
"05/09/2023","16,293.0","15,825.0","16,378.0","15,783.0","24.69M","3.51%"
"31/08/2023","15,740.0","15,655.0","15,783.0","15,655.0","7.51M","0.54%"
"30/08/2023","15,655.0","15,570.0","15,740.0","15,528.0","8.00M","0.82%"
"29/08/2023","15,528.0","15,528.0","15,613.0","15,442.0","10.87M","0.28%"
"28/08/2023","15,485.0","15,528.0","15,570.0","15,357.0","8.06M","0.55%"
"25/08/2023","15,400.0","15,485.0","15,485.0","15,400.0","5.49M","-0.82%"
"24/08/2023","15,528.0","15,400.0","15,613.0","15,315.0","7.70M","1.39%"
"23/08/2023","15,315.0","15,570.0","15,570.0","15,315.0","6.67M","-1.10%"
"22/08/2023","15,485.0","15,570.0","15,570.0","15,102.0","9.26M","0.28%"
"21/08/2023","15,442.0","15,315.0","15,613.0","15,187.0","10.60M","0.27%"
"18/08/2023","15,400.0","15,995.0","15,995.0","15,230.0","25.31M","-3.98%"
"17/08/2023","16,038.0","16,166.0","16,166.0","16,038.0","9.10M","-0.79%"
"16/08/2023","16,166.0","16,081.0","16,336.0","15,995.0","11.22M","0.27%"
"15/08/2023","16,123.0","16,123.0","16,166.0","15,995.0","6.45M","0.00%"
"14/08/2023","16,123.0","16,123.0","16,251.0","15,953.0","9.30M","0.26%"
"11/08/2023","16,081.0","16,166.0","16,208.0","15,868.0","9.97M","0.00%"
"10/08/2023","16,081.0","16,336.0","16,336.0","16,081.0","10.59M","-1.30%"
"09/08/2023","16,293.0","16,336.0","16,378.0","16,166.0","12.31M","-0.26%"
"08/08/2023","16,336.0","16,591.0","16,591.0","16,293.0","10.62M","-0.77%"
"07/08/2023","16,463.0","16,293.0","16,506.0","16,208.0","17.50M","1.84%"
"04/08/2023","16,166.0","16,038.0","16,293.0","15,995.0","17.12M","0.80%"
"03/08/2023","16,038.0","16,123.0","16,251.0","15,995.0","12.74M","-0.27%"
"02/08/2023","16,081.0","16,038.0","16,123.0","15,953.0","7.08M","0.27%"
"01/08/2023","16,038.0","16,081.0","16,463.0","16,038.0","16.47M","0.00%"
"31/07/2023","16,038.0","16,038.0","16,081.0","15,910.0","11.47M","0.80%"
"28/07/2023","15,910.0","15,783.0","15,910.0","15,783.0","8.08M","0.54%"
"27/07/2023","15,825.0","15,953.0","15,995.0","15,740.0","10.88M","-0.80%"
"26/07/2023","15,953.0","15,995.0","16,038.0","15,868.0","6.82M","-0.26%"
"25/07/2023","15,995.0","15,953.0","16,251.0","15,910.0","10.97M","0.26%"
"24/07/2023","15,953.0","15,868.0","15,953.0","15,783.0","10.29M","0.54%"
"21/07/2023","15,868.0","15,783.0","15,868.0","15,655.0","9.64M","1.08%"
"20/07/2023","15,698.0","15,655.0","15,740.0","15,570.0","7.42M","0.27%"
"19/07/2023","15,655.0","15,825.0","15,910.0","15,655.0","13.44M","-1.07%"
"18/07/2023","15,825.0","15,825.0","15,868.0","15,698.0","8.65M","0.00%"
"17/07/2023","15,825.0","15,953.0","16,038.0","15,740.0","12.66M","-0.27%"
"14/07/2023","15,868.0","15,868.0","15,953.0","15,655.0","21.30M","1.65%"
"13/07/2023","15,611.0","15,574.0","15,722.0","15,463.0","23.73M","0.48%"
"12/07/2023","15,537.0","15,685.0","15,759.0","15,463.0","17.34M","-0.94%"
"11/07/2023","15,685.0","15,352.0","15,685.0","15,352.0","22.95M","2.17%"
"10/07/2023","15,352.0","15,241.0","15,426.0","15,204.0","22.20M","1.47%"
"07/07/2023","15,130.0","14,945.0","15,130.0","14,871.0","15.76M","1.24%"
"06/07/2023","14,945.0","15,130.0","15,204.0","14,908.0","20.09M","-0.98%"
"05/07/2023","15,093.0","15,167.0","15,278.0","15,019.0","17.19M","0.25%"
"04/07/2023","15,056.0","14,945.0","15,056.0","14,871.0","9.10M","0.74%"
"03/07/2023","14,945.0","15,019.0","15,056.0","14,871.0","12.95M","0.00%"
"30/06/2023","14,945.0","15,019.0","15,093.0","14,908.0","8.84M","-0.49%"
"29/06/2023","15,019.0","15,315.0","15,315.0","15,019.0","18.52M","-1.93%"
"28/06/2023","15,315.0","14,945.0","15,389.0","14,871.0","27.58M","2.99%"
"27/06/2023","14,871.0","14,982.0","15,019.0","14,797.0","14.20M","-0.50%"
"26/06/2023","14,945.0","14,945.0","15,204.0","14,760.0","13.99M","0.00%"
"23/06/2023","14,945.0","14,908.0","15,019.0","14,834.0","16.28M","1.51%"
"22/06/2023","14,723.0","14,871.0","15,056.0","14,723.0","19.59M","0.25%"
"21/06/2023","14,686.0","14,575.0","14,686.0","14,538.0","8.00M","1.02%"
"20/06/2023","14,538.0","14,501.0","14,538.0","14,390.0","7.26M","0.51%"
"19/06/2023","14,464.0","14,575.0","14,649.0","14,464.0","9.30M","-0.76%"
"16/06/2023","14,575.0","14,686.0","14,945.0","14,575.0","18.44M","0.00%"
"15/06/2023","14,575.0","14,612.0","14,686.0","14,538.0","12.56M","-0.25%"
"14/06/2023","14,612.0","14,871.0","14,945.0","14,612.0","14.46M","-0.25%"
"13/06/2023","14,649.0","14,721.0","14,721.0","14,541.0","14.01M","-0.25%"
"12/06/2023","14,685.0","14,649.0","14,721.0","14,432.0","11.90M","0.49%"
"09/06/2023","14,613.0","14,505.0","14,613.0","14,432.0","13.70M","1.25%"
"08/06/2023","14,432.0","14,685.0","14,757.0","14,432.0","18.10M","-1.72%"
"07/06/2023","14,685.0","14,757.0","14,829.0","14,613.0","17.77M","-0.49%"
"06/06/2023","14,757.0","14,360.0","14,757.0","14,288.0","30.15M","3.28%"
"05/06/2023","14,288.0","14,360.0","14,505.0","14,252.0","25.74M","0.51%"
"02/06/2023","14,216.0","13,783.0","14,324.0","13,747.0","43.63M","4.78%"
"01/06/2023","13,567.0","13,422.0","13,567.0","13,386.0","11.16M","1.08%"
"31/05/2023","13,422.0","13,567.0","13,603.0","13,422.0","9.10M","-0.80%"
"30/05/2023","13,530.0","13,567.0","13,603.0","13,458.0","8.71M","0.00%"
"29/05/2023","13,530.0","13,422.0","13,530.0","13,350.0","7.89M","1.62%"
"26/05/2023","13,314.0","13,350.0","13,350.0","13,278.0","5.16M","0.00%"
"25/05/2023","13,314.0","13,422.0","13,422.0","13,314.0","6.26M","-0.80%"
"24/05/2023","13,422.0","13,567.0","13,603.0","13,386.0","7.33M","-0.80%"
"23/05/2023","13,530.0","13,639.0","13,711.0","13,494.0","9.83M","-0.54%"
"22/05/2023","13,603.0","13,494.0","13,639.0","13,458.0","10.92M","1.08%"
"19/05/2023","13,458.0","13,422.0","13,494.0","13,386.0","5.02M","0.27%"
"18/05/2023","13,422.0","13,386.0","13,458.0","13,314.0","8.81M","0.81%"
"17/05/2023","13,314.0","13,530.0","13,567.0","13,314.0","12.02M","-1.86%"
"16/05/2023","13,567.0","13,603.0","13,675.0","13,494.0","8.93M","-0.26%"
"15/05/2023","13,603.0","13,530.0","13,783.0","13,494.0","23.50M","1.08%"
"12/05/2023","13,458.0","13,386.0","13,458.0","13,278.0","9.63M","0.81%"
"11/05/2023","13,350.0","13,422.0","13,458.0","13,314.0","9.79M","0.00%"
"10/05/2023","13,350.0","13,206.0","13,350.0","13,170.0","9.06M","1.09%"
"09/05/2023","13,206.0","13,206.0","13,242.0","13,134.0","5.98M","0.27%"
"08/05/2023","13,170.0","13,134.0","13,206.0","13,097.0","5.58M","0.83%"
"05/05/2023","13,061.0","13,134.0","13,170.0","13,061.0","5.30M","-0.56%"
"04/05/2023","13,134.0","13,242.0","13,314.0","13,097.0","7.71M","-1.35%"
"28/04/2023","13,314.0","13,350.0","13,386.0","13,242.0","5.82M","0.27%"
"27/04/2023","13,278.0","13,278.0","13,314.0","13,206.0","4.79M","0.27%"
"26/04/2023","13,242.0","13,170.0","13,242.0","13,061.0","6.61M","0.55%"
"25/04/2023","13,170.0","13,278.0","13,278.0","13,097.0","6.04M","0.00%"
"24/04/2023","13,170.0","13,025.0","13,206.0","12,989.0","7.02M","1.11%"
"21/04/2023","13,025.0","13,097.0","13,170.0","13,025.0","5.10M","-0.55%"
"20/04/2023","13,097.0","13,061.0","13,134.0","13,025.0","4.13M","0.28%"
"19/04/2023","13,061.0","13,170.0","13,206.0","13,061.0","5.50M","-0.27%"
"18/04/2023","13,097.0","13,242.0","13,278.0","13,025.0","7.89M","-0.55%"
"17/04/2023","13,170.0","13,134.0","13,242.0","13,097.0","7.32M","-0.27%"
"14/04/2023","13,206.0","13,422.0","13,494.0","13,206.0","10.38M","-1.34%"
"13/04/2023","13,386.0","13,494.0","13,530.0","13,350.0","7.88M","-0.80%"
"12/04/2023","13,494.0","13,567.0","13,567.0","13,386.0","10.53M","-0.27%"
"11/04/2023","13,530.0","13,422.0","13,567.0","13,314.0","8.78M","0.80%"
"10/04/2023","13,422.0","13,494.0","13,711.0","13,422.0","17.33M","0.00%"
"07/04/2023","13,422.0","13,350.0","13,422.0","13,242.0","11.30M","0.54%"
"06/04/2023","13,350.0","13,603.0","13,639.0","13,350.0","15.92M","-1.60%"
"05/04/2023","13,567.0","13,530.0","13,603.0","13,422.0","13.08M","0.27%"
"04/04/2023","13,530.0","13,530.0","13,567.0","13,422.0","14.96M","0.27%"
"03/04/2023","13,494.0","13,350.0","13,494.0","13,278.0","27.01M","2.46%"
"31/03/2023","13,170.0","13,206.0","13,278.0","13,097.0","13.94M","0.00%"
"30/03/2023","13,170.0","13,278.0","13,350.0","13,170.0","11.87M","-0.27%"
"29/03/2023","13,206.0","13,097.0","13,278.0","13,061.0","13.81M","1.67%"
"28/03/2023","12,989.0","13,025.0","13,206.0","12,989.0","16.38M","0.28%"
"27/03/2023","12,953.0","12,845.0","12,989.0","12,773.0","10.63M","1.12%"
"24/03/2023","12,809.0","12,773.0","12,953.0","12,701.0","21.57M","2.01%"
"23/03/2023","12,556.0","12,484.0","12,592.0","12,484.0","5.00M","0.00%"
"22/03/2023","12,556.0","12,628.0","12,664.0","12,520.0","6.99M","0.29%"
"21/03/2023","12,520.0","12,592.0","12,628.0","12,412.0","10.64M","0.29%"
"20/03/2023","12,484.0","12,701.0","12,701.0","12,484.0","7.92M","-0.86%"
"17/03/2023","12,592.0","12,773.0","12,773.0","12,592.0","5.64M","0.00%"
"16/03/2023","12,592.0","12,773.0","12,773.0","12,556.0","7.61M","-1.97%"
"15/03/2023","12,845.0","12,701.0","12,881.0","12,628.0","8.31M","3.49%"
"14/03/2023","12,412.0","12,628.0","12,664.0","12,412.0","11.20M","-1.71%"
"13/03/2023","12,628.0","12,520.0","12,701.0","12,520.0","11.28M","-1.41%"
"10/03/2023","12,809.0","12,845.0","12,845.0","12,701.0","7.00M","-0.28%"
"09/03/2023","12,845.0","12,737.0","12,953.0","12,701.0","10.66M","1.13%"
"08/03/2023","12,701.0","12,484.0","12,701.0","12,412.0","9.80M","1.15%"
"07/03/2023","12,556.0","12,556.0","12,701.0","12,520.0","8.16M","0.58%"
"06/03/2023","12,484.0","12,556.0","12,773.0","12,484.0","9.04M","0.87%"
"03/03/2023","12,376.0","12,628.0","12,628.0","12,376.0","6.27M","-1.43%"
"02/03/2023","12,556.0","12,737.0","12,773.0","12,520.0","5.07M","-1.42%"
"01/03/2023","12,737.0","12,376.0","12,737.0","12,268.0","8.36M","2.32%"
"28/02/2023","12,448.0","12,520.0","12,737.0","12,376.0","8.15M","0.00%"
"27/02/2023","12,448.0","12,592.0","12,628.0","12,448.0","10.64M","-2.54%"
"24/02/2023","12,773.0","13,097.0","13,170.0","12,773.0","13.32M","-2.47%"
"23/02/2023","13,097.0","12,989.0","13,134.0","12,773.0","21.60M","-0.55%"
"22/02/2023","13,170.0","13,278.0","13,350.0","13,170.0","13.06M","-1.88%"
"21/02/2023","13,422.0","13,711.0","13,783.0","13,422.0","9.19M","-1.59%"
"20/02/2023","13,639.0","13,061.0","13,639.0","13,061.0","11.38M","4.43%"
"17/02/2023","13,061.0","13,170.0","13,278.0","13,061.0","6.34M","-0.83%"
"16/02/2023","13,170.0","13,061.0","13,242.0","13,025.0","6.27M","1.39%"
"15/02/2023","12,989.0","12,809.0","13,170.0","12,809.0","8.62M","0.84%"
"14/02/2023","12,881.0","12,989.0","13,097.0","12,845.0","8.72M","-0.83%"
"13/02/2023","12,989.0","13,134.0","13,134.0","12,809.0","13.05M","-1.64%"
"10/02/2023","13,206.0","13,386.0","13,422.0","13,206.0","7.92M","-0.81%"
"09/02/2023","13,314.0","13,278.0","13,494.0","13,242.0","8.38M","0.27%"
"08/02/2023","13,278.0","13,350.0","13,494.0","13,170.0","7.39M","0.27%"
"07/02/2023","13,242.0","13,603.0","13,603.0","13,242.0","10.15M","-1.87%"
"06/02/2023","13,494.0","13,422.0","13,639.0","13,350.0","8.78M","0.54%"
"03/02/2023","13,422.0","13,675.0","13,783.0","13,422.0","13.25M","-1.85%"
"02/02/2023","13,675.0","13,783.0","13,783.0","13,386.0","16.15M","0.26%"
"01/02/2023","13,639.0","14,216.0","14,396.0","13,639.0","20.82M","-3.32%"
"31/01/2023","14,108.0","13,855.0","14,108.0","13,530.0","19.79M","1.56%"
"30/01/2023","13,891.0","14,288.0","14,288.0","13,891.0","16.75M","-2.29%"
"27/01/2023","14,216.0","14,360.0","14,505.0","14,180.0","12.17M","0.51%"
"19/01/2023","14,144.0","14,072.0","14,252.0","14,000.0","14.63M","0.26%"
"18/01/2023","14,108.0","14,072.0","14,108.0","13,855.0","13.11M","0.77%"
"17/01/2023","14,000.0","13,494.0","14,000.0","13,422.0","24.99M","4.87%"
"16/01/2023","13,350.0","13,206.0","13,386.0","13,134.0","8.26M","1.37%"
"13/01/2023","13,170.0","13,278.0","13,386.0","13,170.0","10.58M","0.00%"
"12/01/2023","13,170.0","13,206.0","13,278.0","13,097.0","9.70M","0.00%"
"11/01/2023","13,170.0","13,170.0","13,314.0","13,134.0","8.55M","0.27%"
"10/01/2023","13,134.0","13,134.0","13,242.0","13,061.0","8.46M","-0.27%"
"09/01/2023","13,170.0","13,350.0","13,350.0","13,134.0","7.87M","0.00%"
"06/01/2023","13,170.0","13,025.0","13,530.0","12,989.0","14.44M","0.27%"
"05/01/2023","13,134.0","12,989.0","13,170.0","12,845.0","10.25M","1.40%"
"04/01/2023","12,953.0","13,061.0","13,170.0","12,953.0","10.25M","-0.28%"
"03/01/2023","12,989.0","12,412.0","12,989.0","12,412.0","9.97M","5.26%"
"30/12/2022","12,340.0","12,664.0","12,664.0","12,340.0","5.46M","-1.72%"
"29/12/2022","12,556.0","12,484.0","12,701.0","12,484.0","5.53M","-0.29%"
"28/12/2022","12,592.0","12,484.0","12,701.0","12,304.0","6.09M","1.16%"
"27/12/2022","12,448.0","12,159.0","12,484.0","12,087.0","7.44M","2.68%"
"26/12/2022","12,123.0","12,773.0","12,809.0","12,123.0","12.47M","-5.36%"
"23/12/2022","12,809.0","12,953.0","12,953.0","12,701.0","5.96M","-1.39%"
"22/12/2022","12,989.0","12,917.0","13,206.0","12,773.0","10.19M","1.69%"
"21/12/2022","12,773.0","12,881.0","12,917.0","12,340.0","11.43M","0.57%"
"20/12/2022","12,701.0","13,206.0","13,314.0","12,556.0","24.07M","-4.09%"
"19/12/2022","13,242.0","13,567.0","13,891.0","13,242.0","19.01M","-2.40%"
"16/12/2022","13,567.0","13,494.0","13,783.0","13,494.0","15.44M","-0.79%"
"15/12/2022","13,675.0","12,989.0","13,855.0","12,989.0","31.96M","4.41%"
"14/12/2022","13,097.0","13,242.0","13,278.0","12,989.0","13.80M","0.83%"
"13/12/2022","12,989.0","12,809.0","12,989.0","12,628.0","10.54M","1.69%"
"12/12/2022","12,773.0","13,134.0","13,278.0","12,737.0","16.49M","-15.43%"
"09/12/2022","15,103.6","15,103.6","15,186.6","14,730.1","10.84M","0.55%"
"08/12/2022","15,020.6","14,688.7","15,352.5","14,564.2","15.89M","4.62%"
"07/12/2022","14,356.7","14,647.2","14,854.6","14,315.2","13.98M","-2.26%"
"06/12/2022","14,688.7","15,767.5","15,809.0","14,688.7","25.39M","-6.84%"
"05/12/2022","15,767.5","15,767.5","16,016.4","15,560.0","22.92M","1.06%"
"02/12/2022","15,601.5","14,771.6","15,601.5","14,564.2","18.78M","5.62%"
"01/12/2022","14,771.6","14,688.7","15,269.6","14,481.2","31.83M","2.30%"
"30/11/2022","14,439.7","14,356.7","14,564.2","14,066.3","15.17M","1.16%"
"29/11/2022","14,273.7","14,273.7","14,481.2","13,941.8","17.40M","0.00%"
"28/11/2022","14,273.7","13,651.3","14,273.7","13,609.8","17.77M","6.17%"
"25/11/2022","13,443.9","13,111.9","13,443.9","13,070.4","11.33M","3.19%"
"24/11/2022","13,028.9","12,987.4","13,153.4","12,780.0","7.30M","0.00%"
"23/11/2022","13,028.9","13,111.9","13,360.9","13,028.9","8.48M","-0.63%"
"22/11/2022","13,111.9","13,028.9","13,651.3","12,945.9","15.40M","0.64%"
"21/11/2022","13,028.9","13,194.9","13,360.9","12,945.9","12.34M","0.00%"
"18/11/2022","13,028.9","12,862.9","13,443.9","12,448.0","14.83M","0.00%"
"17/11/2022","13,028.9","12,738.5","13,194.9","12,531.0","17.05M","3.97%"
"16/11/2022","12,531.0","11,161.7","12,531.0","10,954.3","30.00M","6.71%"
"15/11/2022","11,742.6","12,448.0","12,614.0","11,742.6","27.00M","-6.91%"
"14/11/2022","12,614.0","13,236.4","13,236.4","12,531.0","13.83M","-5.00%"
"11/11/2022","13,277.9","13,485.3","13,858.8","13,236.4","13.77M","1.27%"
"10/11/2022","13,111.9","13,983.3","14,024.8","13,111.9","23.04M","-6.79%"
"09/11/2022","14,066.3","14,356.7","14,564.2","14,024.8","9.70M","-1.45%"
"08/11/2022","14,273.7","13,900.3","14,481.2","13,775.8","10.03M","1.47%"
"07/11/2022","14,066.3","14,605.7","14,730.1","14,066.3","13.32M","-5.31%"
"04/11/2022","14,854.6","14,398.2","14,854.6","13,692.8","28.73M","1.42%"
"03/11/2022","14,647.2","14,647.2","14,937.6","14,605.7","10.24M","-1.40%"
"02/11/2022","14,854.6","14,937.6","15,103.6","14,771.6","11.74M","-0.56%"
"01/11/2022","14,937.6","14,937.6","15,269.6","14,813.1","23.98M","1.69%"
"31/10/2022","14,688.7","14,688.7","14,854.6","14,107.7","14.03M","0.28%"
"28/10/2022","14,647.2","14,771.6","15,062.1","14,439.7","16.04M","0.86%"
"27/10/2022","14,522.7","13,692.8","14,522.7","13,692.8","15.06M","6.71%"
"26/10/2022","13,609.8","13,609.8","13,941.8","13,485.3","8.35M","0.00%"
"25/10/2022","13,609.8","13,070.4","13,817.3","12,862.9","18.44M","5.13%"
"24/10/2022","12,945.9","13,526.8","13,651.3","12,821.5","20.03M","-3.11%"
"21/10/2022","13,360.9","14,315.2","14,315.2","13,360.9","15.80M","-6.12%"
"20/10/2022","14,232.2","14,481.2","14,522.7","14,232.2","7.80M","-2.00%"
"19/10/2022","14,522.7","14,688.7","14,771.6","14,315.2","6.43M","-0.28%"
"18/10/2022","14,564.2","14,896.1","15,103.6","14,481.2","10.99M","0.29%"
"17/10/2022","14,522.7","14,688.7","14,771.6","14,190.7","11.22M","-1.68%"
"14/10/2022","14,771.6","14,854.6","15,186.6","14,605.7","13.97M","2.30%"
"13/10/2022","14,439.7","14,232.2","14,564.2","14,107.7","7.83M","1.46%"
"12/10/2022","14,232.2","13,402.4","14,232.2","13,402.4","14.13M","6.85%"
"11/10/2022","13,319.4","14,356.7","14,356.7","13,319.4","22.31M","-6.96%"
"10/10/2022","14,315.2","14,066.3","14,439.7","13,734.3","13.07M","1.77%"
"07/10/2022","14,066.3","14,564.2","14,771.6","13,983.3","47.34M","-6.35%"
"06/10/2022","15,020.6","15,892.0","15,892.0","14,979.1","8.65M","-5.73%"
"05/10/2022","15,933.5","15,850.5","16,140.9","15,809.0","5.78M","2.13%"
"04/10/2022","15,601.5","15,933.5","15,933.5","15,352.5","9.65M","0.53%"
"03/10/2022","15,518.5","16,514.4","16,514.4","15,435.5","10.43M","-6.50%"
"30/09/2022","16,597.3","16,348.4","16,597.3","16,016.4","8.66M","1.01%"
"29/09/2022","16,431.4","16,763.3","16,804.8","16,431.4","4.96M","-0.75%"
"28/09/2022","16,555.9","16,597.3","16,804.8","16,555.9","4.03M","-1.24%"
"27/09/2022","16,763.3","16,887.8","16,887.8","16,597.3","4.57M","0.50%"
"26/09/2022","16,680.3","17,095.3","17,344.2","16,514.4","11.71M","-4.29%"
"23/09/2022","17,427.2","17,593.2","17,717.7","17,427.2","4.28M","-1.18%"
"22/09/2022","17,634.7","17,427.2","17,634.7","17,302.7","6.13M","0.24%"
"21/09/2022","17,593.2","17,593.2","17,593.2","17,385.7","4.63M","-0.70%"
"20/09/2022","17,717.7","17,717.7","17,717.7","17,385.7","5.94M","1.67%"
"19/09/2022","17,427.2","18,008.1","18,091.1","17,427.2","9.56M","-3.67%"
"16/09/2022","18,091.1","18,464.6","18,547.5","18,049.6","8.07M","-1.58%"
"15/09/2022","18,381.6","18,630.5","18,713.5","18,298.6","4.13M","-1.12%"
"14/09/2022","18,589.0","18,298.6","18,630.5","18,257.1","7.85M","-0.67%"
"13/09/2022","18,713.5","18,796.5","18,879.5","18,672.0","5.94M","-0.22%"
"12/09/2022","18,755.0","19,087.0","19,087.0","18,755.0","3.47M","-0.44%"
"09/09/2022","18,838.0","19,045.5","19,045.5","18,464.6","9.95M","-0.44%"
"08/09/2022","18,921.0","19,169.9","19,294.4","18,879.5","9.15M","-0.87%"
"07/09/2022","19,087.0","19,667.9","19,750.8","19,087.0","20.02M","-2.75%"
"06/09/2022","19,626.4","19,584.9","19,833.8","19,543.4","7.92M","0.21%"
"05/09/2022","19,584.9","19,667.9","19,833.8","19,543.4","7.34M","-0.63%"
"31/08/2022","19,709.4","19,626.4","19,875.3","19,543.4","7.96M","0.42%"
"30/08/2022","19,626.4","19,543.4","19,833.8","19,460.4","10.63M","1.07%"
"29/08/2022","19,418.9","19,128.4","19,501.9","19,004.0","13.76M","-0.85%"
"26/08/2022","19,584.9","19,709.4","19,833.8","19,584.9","11.54M","-0.21%"
"25/08/2022","19,626.4","19,418.9","19,626.4","19,294.4","13.23M","1.50%"
"24/08/2022","19,335.9","19,294.4","19,418.9","19,211.4","8.34M","0.43%"
"23/08/2022","19,252.9","18,921.0","19,294.4","18,921.0","6.47M","0.43%"
"22/08/2022","19,169.9","19,335.9","19,460.4","19,087.0","12.23M","0.43%"
"19/08/2022","19,086.9","19,156.1","19,156.1","19,017.8","12.59M","-0.18%"
"18/08/2022","19,121.5","19,156.1","19,259.8","19,052.4","12.49M","-0.36%"
"17/08/2022","19,190.7","18,879.5","19,259.8","18,879.5","21.26M","1.83%"
"16/08/2022","18,844.9","18,879.5","18,948.6","18,775.7","9.71M","-0.37%"
"15/08/2022","18,914.1","18,879.5","19,086.9","18,844.9","11.19M","1.11%"
"12/08/2022","18,706.6","18,533.7","18,741.2","18,464.5","6.14M","0.93%"
"11/08/2022","18,533.7","18,983.2","19,017.8","18,499.1","15.50M","-1.47%"
"10/08/2022","18,810.3","18,948.6","18,983.2","18,741.2","8.79M","-0.55%"
"09/08/2022","18,914.1","18,948.6","19,086.9","18,810.3","14.63M","0.92%"
"08/08/2022","18,741.2","18,672.0","18,810.3","18,533.7","12.49M","0.56%"
"05/08/2022","18,637.4","18,602.9","18,637.4","18,360.8","10.34M","0.00%"
"04/08/2022","18,637.4","18,637.4","18,810.3","18,533.7","15.44M","0.19%"
"03/08/2022","18,602.9","18,395.4","18,602.9","18,118.8","13.65M","0.75%"
"02/08/2022","18,464.5","18,291.7","18,568.3","18,187.9","15.06M","0.75%"
"01/08/2022","18,326.2","17,773.0","18,326.2","17,738.4","16.56M","3.31%"
"29/07/2022","17,738.4","17,773.0","17,807.6","17,634.7","10.24M","0.39%"
"28/07/2022","17,669.3","17,461.8","17,807.6","17,358.1","12.88M","2.61%"
"27/07/2022","17,219.7","17,288.9","17,358.1","17,116.0","7.92M","-0.99%"
"26/07/2022","17,392.6","17,461.8","17,600.1","17,358.1","4.95M","-0.40%"
"25/07/2022","17,461.8","17,600.1","17,669.3","17,427.2","5.02M","-1.17%"
"22/07/2022","17,669.3","17,703.8","17,911.3","17,669.3","9.78M","-0.19%"
"21/07/2022","17,703.8","17,634.7","17,807.6","17,634.7","9.22M","0.20%"
"20/07/2022","17,669.3","17,634.7","17,738.4","17,565.5","9.50M","1.39%"
"19/07/2022","17,427.2","17,530.9","17,565.5","17,288.9","6.55M","-0.79%"
"18/07/2022","17,565.5","17,634.7","17,773.0","17,565.5","8.47M","-0.20%"
"15/07/2022","17,600.1","17,634.7","17,773.0","17,565.5","11.17M","-0.20%"
"14/07/2022","17,634.7","17,392.6","17,669.3","17,392.6","10.04M","0.79%"
"13/07/2022","17,496.4","17,496.4","17,807.6","17,358.1","13.32M","1.00%"
"12/07/2022","17,323.5","16,943.1","17,427.2","16,839.4","8.08M","2.66%"
"11/07/2022","16,874.0","17,219.7","17,323.5","16,804.8","11.41M","-2.59%"
"08/07/2022","17,323.5","17,496.4","17,496.4","17,254.3","7.66M","-0.20%"
"07/07/2022","17,358.1","17,219.7","17,530.9","16,943.1","9.07M","0.80%"
"06/07/2022","17,219.7","17,288.9","17,669.3","17,185.2","10.32M","-2.16%"
"05/07/2022","17,600.1","17,046.9","17,842.1","16,943.1","22.77M","3.46%"
"04/07/2022","17,012.3","16,839.4","17,046.9","16,666.5","8.72M","1.65%"
"01/07/2022","16,735.7","16,424.5","16,874.0","16,217.0","10.43M","0.00%"
"30/06/2022","16,735.7","17,116.0","17,219.7","16,735.7","9.91M","-2.02%"
"29/06/2022","17,081.4","16,977.7","17,358.1","16,839.4","11.83M","0.00%"
"28/06/2022","17,081.4","16,389.9","17,427.2","16,355.3","17.10M","2.49%"
"27/06/2022","16,666.5","16,459.0","16,735.7","16,320.7","7.71M","1.69%"
"24/06/2022","16,389.9","16,735.7","16,735.7","16,389.9","5.32M","-1.46%"
"23/06/2022","16,631.9","16,078.7","16,631.9","16,078.7","7.78M","2.56%"
"22/06/2022","16,217.0","15,663.7","16,528.2","15,663.7","14.44M","4.45%"
"21/06/2022","15,525.4","15,560.0","15,836.6","15,248.8","8.63M","-0.22%"
"20/06/2022","15,560.0","16,113.3","16,355.3","15,110.5","13.35M","-3.43%"
"17/06/2022","16,113.3","16,355.3","16,666.5","16,044.1","28.90M","-6.43%"
"16/06/2022","17,219.7","17,288.9","17,565.5","17,219.7","9.83M","0.00%"
"15/06/2022","17,219.7","17,461.8","17,634.7","16,735.7","21.51M","-2.35%"
"14/06/2022","17,634.7","17,288.9","17,911.3","17,288.9","12.06M","-0.58%"
"13/06/2022","17,738.4","18,533.7","18,533.7","17,703.8","22.24M","-6.73%"
"10/06/2022","19,017.8","19,017.8","19,363.6","18,983.2","6.47M","-1.08%"
"09/06/2022","19,225.3","19,467.3","19,467.3","19,017.8","6.26M","-0.54%"
"08/06/2022","19,329.0","18,810.3","19,432.7","18,637.4","16.31M","3.71%"
"07/06/2022","18,637.4","18,879.5","18,879.5","18,257.1","7.62M","-1.10%"
"06/06/2022","18,844.9","18,948.6","19,052.4","18,602.9","9.58M","-0.55%"
"03/06/2022","18,948.6","18,844.9","18,948.6","18,430.0","7.13M","0.74%"
"02/06/2022","18,810.3","19,052.4","19,259.8","18,810.3","8.95M","-1.45%"
"01/06/2022","19,086.9","19,086.9","19,363.6","19,052.4","5.42M","-0.54%"
"31/05/2022","19,190.7","19,363.6","19,363.6","19,017.8","7.29M","-1.25%"
"30/05/2022","19,432.7","19,536.5","19,536.5","19,294.4","10.95M","0.36%"
"27/05/2022","19,363.6","19,156.1","19,467.3","19,052.4","11.56M","1.27%"
"26/05/2022","19,121.5","19,571.0","19,571.0","19,121.5","10.02M","-1.43%"
"25/05/2022","19,398.1","18,672.0","19,536.5","18,672.0","15.06M","4.47%"
"24/05/2022","18,568.3","18,326.2","18,568.3","18,084.2","9.23M","2.09%"
"23/05/2022","18,187.9","18,672.0","18,741.2","18,049.6","8.65M","-2.59%"
"20/05/2022","18,672.0","18,533.7","18,844.9","18,395.4","6.96M","0.93%"
"19/05/2022","18,499.1","18,118.8","18,706.6","17,980.5","8.62M","0.37%"
"18/05/2022","18,430.0","18,533.7","19,017.8","18,257.1","11.97M","1.33%"
"17/05/2022","18,187.9","17,046.9","18,187.9","16,977.7","11.18M","6.91%"
"16/05/2022","17,012.3","17,427.2","17,530.9","16,943.1","10.19M","2.07%"
"13/05/2022","16,666.5","17,980.5","18,118.8","16,666.5","22.26M","-6.04%"
"12/05/2022","17,738.4","18,672.0","18,879.5","17,738.4","14.05M","-6.73%"
"11/05/2022","19,017.8","18,706.6","19,017.8","18,464.5","7.95M","1.66%"
"10/05/2022","18,706.6","17,842.1","18,706.6","17,358.1","14.96M","3.24%"
"09/05/2022","18,118.8","19,086.9","19,225.3","18,084.2","21.73M","-6.43%"
"06/05/2022","19,363.6","19,709.3","19,916.8","19,363.6","12.22M","-3.45%"
"05/05/2022","20,055.1","20,262.6","20,262.6","19,536.5","9.53M","0.35%"
"04/05/2022","19,986.0","20,608.4","20,642.9","19,986.0","10.87M","-3.02%"
"29/04/2022","20,608.4","20,297.2","20,677.5","20,262.6","11.71M","1.19%"
"28/04/2022","20,366.3","20,608.4","20,677.5","20,331.7","8.65M","-0.84%"
"27/04/2022","20,539.2","20,228.0","20,573.8","19,951.4","9.90M","-16.02%"
"26/04/2022","24,458.3","23,333.3","24,541.7","22,500.0","17.74M","4.45%"
"25/04/2022","23,416.7","25,166.7","25,416.7","23,250.0","19.44M","-6.33%"
"22/04/2022","25,000.0","25,250.0","25,666.7","24,833.3","13.74M","0.00%"
"21/04/2022","25,000.0","24,583.3","25,458.3","24,250.0","15.13M","1.70%"
"20/04/2022","24,583.3","24,500.0","25,041.7","24,291.7","15.64M","0.68%"
"19/04/2022","24,416.7","25,416.7","25,708.3","24,416.7","15.30M","-3.30%"
"18/04/2022","25,250.0","26,083.3","26,083.3","25,125.0","21.47M","-3.50%"
"15/04/2022","26,166.7","26,916.7","26,958.3","26,083.3","18.13M","-2.79%"
"14/04/2022","26,916.7","27,250.0","27,416.7","26,916.7","9.49M","-0.92%"
"13/04/2022","27,166.7","26,875.0","27,333.3","26,833.3","16.27M","1.09%"
"12/04/2022","26,875.0","27,666.7","27,708.3","26,833.3","18.41M","-2.86%"
"08/04/2022","27,666.7","28,125.0","28,333.3","27,583.3","13.72M","-1.48%"
"07/04/2022","28,083.3","27,958.3","28,666.7","27,916.7","28.93M","1.05%"
"06/04/2022","27,791.7","27,208.3","27,916.7","27,083.3","20.14M","2.14%"
"05/04/2022","27,208.3","27,458.3","27,666.7","27,208.3","11.96M","-1.06%"
"04/04/2022","27,500.0","28,125.0","28,125.0","27,500.0","14.63M","-0.90%"
"01/04/2022","27,750.0","27,500.0","27,916.7","27,333.3","19.51M","1.06%"
"31/03/2022","27,458.3","27,208.3","27,583.3","27,208.3","15.39M","0.92%"
"30/03/2022","27,208.3","26,583.3","27,833.3","26,500.0","36.16M","2.03%"
"29/03/2022","26,666.7","26,375.0","26,666.7","26,250.0","8.96M","1.59%"
"28/03/2022","26,250.0","26,500.0","26,625.0","25,916.7","15.54M","-0.94%"
"25/03/2022","26,500.0","26,708.3","26,833.3","26,500.0","9.71M","-0.78%"
"24/03/2022","26,708.3","26,708.3","26,958.3","26,666.7","9.74M","-0.31%"
"23/03/2022","26,791.7","27,083.3","27,250.0","26,791.7","10.92M","-0.92%"
"22/03/2022","27,041.7","26,833.3","27,250.0","26,833.3","13.21M","0.78%"
"21/03/2022","26,833.3","26,916.7","26,916.7","26,500.0","14.03M","0.31%"
"18/03/2022","26,750.0","27,083.3","27,125.0","26,666.7","11.93M","-0.47%"
"17/03/2022","26,875.0","27,041.7","27,291.7","26,833.3","12.29M","0.47%"
"16/03/2022","26,750.0","26,791.7","27,000.0","26,583.3","13.47M","1.58%"
"15/03/2022","26,333.3","26,583.3","26,583.3","26,125.0","10.44M","-0.16%"
"14/03/2022","26,375.0","26,250.0","26,666.7","26,000.0","19.18M","0.64%"
"11/03/2022","26,208.3","25,875.0","26,416.7","25,875.0","13.52M","1.29%"
"10/03/2022","25,875.0","26,083.3","26,458.3","25,833.3","14.24M","0.98%"
"09/03/2022","25,625.0","25,833.3","26,083.3","25,208.3","28.93M","-0.81%"
"08/03/2022","25,833.3","26,500.0","26,666.7","25,833.3","30.76M","-3.73%"
"07/03/2022","26,833.3","26,833.3","27,208.3","26,666.7","22.68M","-2.13%"
"04/03/2022","27,416.7","27,500.0","27,750.0","27,166.7","13.44M","-0.60%"
"03/03/2022","27,583.3","27,416.7","27,750.0","26,333.3","35.98M","1.85%"
"02/03/2022","27,083.3","28,166.7","28,166.7","27,000.0","61.95M","-4.41%"
"01/03/2022","28,333.3","28,833.3","29,083.3","28,208.3","19.58M","-1.16%"
"28/02/2022","28,666.7","28,375.0","29,000.0","28,333.3","15.32M","0.88%"
"25/02/2022","28,416.7","28,708.3","29,083.3","28,416.7","20.17M","0.29%"
"24/02/2022","28,333.3","28,333.3","29,000.0","27,666.7","35.78M","-1.02%"
"23/02/2022","28,625.0","28,833.3","29,083.3","28,458.3","20.78M","-0.15%"
"22/02/2022","28,666.7","27,083.3","28,666.7","26,750.0","44.95M","5.36%"
"21/02/2022","27,208.3","27,166.7","27,416.7","26,541.7","22.59M","0.00%"
"18/02/2022","27,208.3","27,416.7","27,541.7","27,125.0","14.98M","-1.66%"
"17/02/2022","27,666.7","27,208.3","27,666.7","27,166.7","11.20M","1.68%"
"16/02/2022","27,208.3","27,458.3","27,541.7","26,875.0","11.17M","-0.15%"
"15/02/2022","27,250.0","26,791.7","27,416.7","26,625.0","24.89M","2.19%"
"14/02/2022","26,666.7","27,916.7","28,166.7","26,666.7","32.78M","-5.74%"
"11/02/2022","28,291.7","28,125.0","28,458.3","28,083.3","17.00M","0.59%"
"10/02/2022","28,125.0","27,666.7","28,500.0","27,541.7","28.43M","1.35%"
"09/02/2022","27,750.0","28,166.7","28,458.3","27,750.0","25.30M","-1.48%"
"08/02/2022","28,166.7","28,000.0","28,458.3","27,750.0","22.40M","0.00%"
"07/02/2022","28,166.7","28,583.3","28,750.0","27,958.3","20.16M","0.30%"
"28/01/2022","28,083.3","27,750.0","28,500.0","27,666.7","28.83M","2.12%"
"27/01/2022","27,500.0","27,500.0","27,791.7","27,125.0","21.19M","-0.90%"
"26/01/2022","27,750.0","27,458.3","28,250.0","27,333.3","33.26M","2.15%"
"25/01/2022","27,166.7","26,666.7","27,250.0","26,583.3","23.81M","1.56%"
"24/01/2022","26,750.0","26,541.7","27,500.0","26,375.0","38.55M","0.94%"
"21/01/2022","26,500.0","25,166.7","26,916.7","25,083.3","61.12M","5.30%"
"20/01/2022","25,166.7","24,750.0","25,416.7","24,375.0","18.76M","2.03%"
"19/01/2022","24,666.7","25,166.7","25,666.7","24,666.7","14.87M","-1.00%"
"18/01/2022","24,916.7","24,750.0","25,291.7","24,583.3","17.20M","1.36%"
"17/01/2022","24,583.3","24,750.0","25,625.0","24,583.3","35.32M","-0.51%"
"14/01/2022","24,708.3","24,583.3","25,125.0","24,375.0","11.37M","-0.17%"
"13/01/2022","24,750.0","24,750.0","25,708.3","24,625.0","41.70M","1.71%"
"12/01/2022","24,333.3","23,500.0","24,333.3","23,375.0","18.35M","4.66%"
"11/01/2022","23,250.0","23,541.7","23,750.0","23,250.0","8.21M","-0.71%"
"10/01/2022","23,416.7","23,791.7","23,958.3","23,416.7","10.72M","-1.75%"
"07/01/2022","23,833.3","23,625.0","24,041.7","23,583.3","11.43M","0.88%"
"06/01/2022","23,625.0","23,750.0","23,833.3","23,458.3","13.07M","-1.22%"
"05/01/2022","23,916.7","24,250.0","24,291.7","23,875.0","10.94M","-1.37%"
"04/01/2022","24,250.0","24,333.3","24,500.0","24,208.3","10.89M","0.69%"
"31/12/2021","24,083.3","23,916.7","24,458.3","23,750.0","15.59M","1.58%"
"30/12/2021","23,708.3","23,833.3","23,958.3","23,583.3","5.94M","0.53%"
"29/12/2021","23,583.3","23,708.3","24,041.7","23,541.7","11.08M","0.00%"
"28/12/2021","23,583.3","23,625.0","23,666.7","23,375.0","7.54M","0.53%"
"27/12/2021","23,458.3","23,583.3","23,666.7","23,250.0","4.64M","0.00%"
"24/12/2021","23,458.3","22,708.3","23,458.3","22,708.3","8.17M","3.11%"
"23/12/2021","22,750.0","23,166.7","23,208.3","22,583.3","12.17M","-1.27%"
"22/12/2021","23,041.7","23,291.7","23,375.0","22,958.3","10.40M","-1.07%"
"21/12/2021","23,291.7","23,416.7","23,500.0","23,208.3","7.64M","0.18%"
"20/12/2021","23,250.0","23,500.0","23,541.7","23,250.0","8.94M","-1.06%"
"17/12/2021","23,500.0","23,583.3","23,666.7","23,416.7","8.49M","-0.18%"
"16/12/2021","23,541.7","24,000.0","24,000.0","23,500.0","6.79M","-0.88%"
"15/12/2021","23,750.0","23,541.7","23,875.0","23,500.0","7.69M","0.88%"
"14/12/2021","23,541.7","23,625.0","23,833.3","23,500.0","7.36M","-0.53%"
"13/12/2021","23,666.7","23,625.0","23,750.0","23,583.3","10.63M","0.18%"
"10/12/2021","23,625.0","23,875.0","23,916.7","23,541.7","7.59M","-0.70%"
"09/12/2021","23,791.7","23,416.7","23,833.3","23,416.7","5.51M","0.53%"
"08/12/2021","23,666.7","23,500.0","23,916.7","23,375.0","8.83M","0.89%"
"07/12/2021","23,458.3","23,083.3","23,500.0","23,041.7","9.32M","2.36%"
"06/12/2021","22,916.7","23,583.3","23,791.7","22,500.0","19.60M","-2.83%"
"03/12/2021","23,583.3","24,416.7","24,500.0","23,583.3","14.93M","-2.75%"
"02/12/2021","24,250.0","24,708.3","24,750.0","24,250.0","8.77M","-1.36%"
"01/12/2021","24,583.3","24,166.7","24,583.3","24,000.0","12.66M","1.72%"
"30/11/2021","24,166.7","25,125.0","25,166.7","24,083.3","24.75M","-2.68%"
"29/11/2021","24,833.3","24,750.0","24,958.3","24,500.0","20.51M","-1.65%"
"26/11/2021","25,250.0","25,916.7","25,958.3","25,125.0","20.12M","-1.94%"
"25/11/2021","25,750.0","26,083.3","26,208.3","25,625.0","24.83M","0.00%"
"24/11/2021","25,750.0","24,083.3","25,750.0","23,958.3","51.61M","6.92%"
"23/11/2021","24,083.3","24,458.3","24,500.0","24,041.7","11.82M","-1.03%"
"22/11/2021","24,333.3","23,708.3","24,583.3","23,666.7","28.14M","3.18%"
"19/11/2021","23,583.3","23,500.0","24,125.0","23,333.3","21.93M","0.00%"
"18/11/2021","23,583.3","23,916.7","23,916.7","23,583.3","11.20M","-1.39%"
"17/11/2021","23,916.7","23,875.0","23,916.7","23,666.7","8.32M","0.17%"
"16/11/2021","23,875.0","24,000.0","24,125.0","23,750.0","16.66M","0.17%"
"15/11/2021","23,833.3","23,916.7","24,166.7","23,708.3","15.13M","0.17%"
"12/11/2021","23,791.7","23,333.3","23,791.7","23,333.3","11.37M","1.60%"
"11/11/2021","23,416.7","23,833.3","23,833.3","23,333.3","15.43M","-1.75%"
"10/11/2021","23,833.3","24,000.0","24,000.0","23,791.7","12.72M","0.00%"
"09/11/2021","23,833.3","23,833.3","24,125.0","23,750.0","14.84M","0.35%"
"08/11/2021","23,750.0","23,875.0","24,000.0","23,666.7","16.33M","-0.52%"
"05/11/2021","23,875.0","24,125.0","24,125.0","23,833.3","9.69M","-0.86%"
"04/11/2021","24,083.3","24,375.0","24,458.3","24,041.7","12.95M","-0.86%"
"03/11/2021","24,291.7","23,666.7","24,583.3","23,666.7","32.94M","2.64%"
"02/11/2021","23,666.7","23,583.3","23,750.0","23,541.7","10.32M","0.00%"
"01/11/2021","23,666.7","23,833.3","23,916.7","23,583.3","12.78M","-0.35%"
"29/10/2021","23,750.0","23,750.0","23,833.3","23,500.0","12.83M","0.00%"
"28/10/2021","23,750.0","23,875.0","23,875.0","23,625.0","10.54M","0.35%"
"27/10/2021","23,666.7","23,333.3","23,666.7","23,291.7","12.32M","1.61%"
"26/10/2021","23,291.7","23,083.3","23,291.7","23,000.0","8.20M","1.27%"
"25/10/2021","23,000.0","23,291.7","23,333.3","23,000.0","10.75M","-1.08%"
"22/10/2021","23,250.0","23,458.3","23,458.3","23,208.3","9.09M","0.00%"
"21/10/2021","23,250.0","23,750.0","23,750.0","23,250.0","12.23M","-1.06%"
"20/10/2021","23,500.0","23,750.0","23,750.0","23,166.7","10.73M","0.00%"
"19/10/2021","23,500.0","23,750.0","23,750.0","23,416.7","9.23M","-0.70%"
"18/10/2021","23,666.7","23,958.3","23,958.3","23,625.0","10.00M","0.00%"
"15/10/2021","23,666.7","23,958.3","23,958.3","23,625.0","9.83M","-0.35%"
"14/10/2021","23,750.0","23,958.3","24,000.0","23,750.0","12.83M","-0.35%"
"13/10/2021","23,833.3","24,250.0","24,250.0","23,833.3","11.73M","-0.52%"
"12/10/2021","23,958.3","24,291.7","24,291.7","23,791.7","17.85M","-0.17%"
"11/10/2021","24,000.0","23,166.7","24,000.0","23,125.0","30.26M","3.97%"
"08/10/2021","23,083.3","23,041.7","23,166.7","22,958.3","9.67M","0.18%"
"07/10/2021","23,041.7","23,250.0","23,250.0","22,958.3","7.73M","0.55%"
"06/10/2021","22,916.7","22,916.7","22,958.3","22,625.0","12.04M","0.37%"
"05/10/2021","22,833.3","22,541.7","22,833.3","22,541.7","11.36M","1.11%"
"04/10/2021","22,583.3","22,875.0","22,916.7","22,416.7","14.65M","-1.28%"
"01/10/2021","22,875.0","23,250.0","23,291.7","22,708.3","16.24M","-1.44%"
"30/09/2021","23,208.3","23,166.7","23,458.3","23,125.0","7.97M","0.18%"
"29/09/2021","23,166.7","23,333.3","23,500.0","23,125.0","13.33M","-0.71%"
"28/09/2021","23,333.3","23,333.3","23,416.7","23,166.7","8.87M","0.00%"
"27/09/2021","23,333.3","24,083.3","24,166.7","23,333.3","11.18M","-2.44%"
"24/09/2021","23,916.7","23,333.3","24,041.7","23,250.0","34.95M","2.87%"
"23/09/2021","23,250.0","23,333.3","23,500.0","23,166.7","14.15M","-0.36%"
"22/09/2021","23,333.3","23,333.3","23,458.3","23,083.3","11.16M","0.00%"
"21/09/2021","23,333.3","23,250.0","23,416.7","23,041.7","11.34M","-0.89%"
"20/09/2021","23,541.7","23,458.3","23,750.0","23,416.7","20.00M","1.44%"
"17/09/2021","23,208.3","23,333.3","23,333.3","23,041.7","11.66M","0.18%"
"16/09/2021","23,166.7","22,916.7","23,166.7","22,916.7","11.73M","1.28%"
"15/09/2021","22,875.0","22,916.7","23,000.0","22,666.7","14.34M","-0.54%"
"14/09/2021","23,000.0","23,083.3","23,333.3","23,000.0","11.48M","-1.08%"
"13/09/2021","23,250.0","23,291.7","23,583.3","23,125.0","16.56M","-1.06%"
"10/09/2021","23,500.0","23,666.7","23,666.7","23,500.0","10.17M","-0.70%"
"09/09/2021","23,666.7","23,500.0","23,750.0","23,333.3","12.60M","0.35%"
"08/09/2021","23,583.3","24,000.0","24,000.0","23,500.0","11.23M","-1.05%"
"07/09/2021","23,833.3","23,750.0","24,041.7","23,625.0","24.47M","1.06%"
"06/09/2021","23,583.3","23,291.7","23,625.0","23,083.3","20.80M","1.43%"
"01/09/2021","23,250.0","23,250.0","23,500.0","23,083.3","15.30M","0.00%"
"31/08/2021","23,250.0","23,833.3","23,916.7","23,250.0","12.44M","-1.76%"
"30/08/2021","23,666.7","23,416.7","24,083.3","23,333.3","19.01M","1.43%"
"27/08/2021","23,333.3","23,125.0","23,375.0","22,708.3","22.32M","-0.36%"
"26/08/2021","23,416.7","23,833.3","23,875.0","23,333.3","15.32M","-1.75%"
"25/08/2021","23,833.3","23,500.0","23,833.3","23,208.3","22.01M","0.17%"
"24/08/2021","23,791.7","23,833.3","23,958.3","23,416.7","16.78M","-0.17%"
"23/08/2021","23,833.3","24,583.3","24,791.7","23,791.7","26.40M","-4.35%"
"20/08/2021","24,916.7","25,833.3","25,833.3","24,541.7","38.27M","-3.86%"
"19/08/2021","25,916.7","25,666.7","25,916.7","25,250.0","25.30M","0.00%"
"18/08/2021","25,916.7","25,833.3","26,125.0","25,833.3","14.95M","-0.32%"
"17/08/2021","26,000.0","26,208.3","26,500.0","25,833.3","22.17M","0.65%"
"16/08/2021","25,833.3","24,666.7","26,000.0","24,583.3","38.35M","4.73%"
"13/08/2021","24,666.7","24,583.3","24,750.0","24,250.0","13.51M","0.34%"
"12/08/2021","24,583.3","24,833.3","25,000.0","24,583.3","11.69M","-0.67%"
"11/08/2021","24,750.0","24,750.0","25,166.7","24,583.3","23.44M","0.17%"
"10/08/2021","24,708.3","25,041.7","25,166.7","24,583.3","16.56M","-0.84%"
"09/08/2021","24,916.7","24,416.7","24,916.7","24,250.0","15.42M","0.84%"
"06/08/2021","24,708.3","25,000.0","25,083.3","24,666.7","16.42M","-1.17%"
"05/08/2021","25,000.0","24,666.7","25,000.0","24,500.0","20.00M","1.01%"
"04/08/2021","24,750.0","24,583.3","24,875.0","24,541.7","20.89M","1.37%"
"03/08/2021","24,416.7","24,083.3","24,500.0","24,000.0","23.18M","1.74%"
"02/08/2021","24,000.0","24,083.3","24,250.0","23,833.3","15.16M","-0.35%"
"30/07/2021","24,083.3","23,750.0","24,333.3","23,666.7","22.76M","1.76%"
"29/07/2021","23,666.7","23,250.0","23,666.7","23,166.7","18.15M","2.90%"
"28/07/2021","23,000.0","22,875.0","23,208.3","22,791.7","7.39M","0.73%"
"27/07/2021","22,833.3","22,833.3","23,125.0","22,750.0","13.92M","0.74%"
"26/07/2021","22,666.7","22,750.0","23,041.7","22,333.3","19.20M","-1.98%"
"23/07/2021","23,125.0","23,416.7","23,666.7","23,125.0","14.22M","-2.12%"
"22/07/2021","23,625.0","23,333.3","23,750.0","22,916.7","12.24M","1.25%"
"21/07/2021","23,333.3","23,416.7","23,833.3","23,250.0","14.70M","0.36%"
"20/07/2021","23,250.0","23,083.3","23,250.0","22,083.3","18.64M","2.76%"
"19/07/2021","22,625.0","23,333.3","23,916.7","22,583.3","26.58M","-6.70%"
"16/07/2021","24,250.0","24,583.3","24,666.7","24,125.0","13.57M","-0.68%"
"15/07/2021","24,416.7","23,833.3","24,541.7","23,750.0","19.36M","1.56%"
"14/07/2021","24,041.7","24,833.3","24,875.0","23,583.3","23.96M","-3.19%"
"13/07/2021","24,833.3","25,083.3","25,500.0","24,416.7","15.07M","0.00%"
"12/07/2021","24,833.3","26,333.3","26,500.0","24,083.3","41.44M","-3.87%"
"09/07/2021","25,833.3","25,709.9","26,296.3","25,432.1","61.67M","-0.59%"
"08/07/2021","25,987.7","25,987.7","26,358.0","25,679.0","33.26M","0.00%"
"07/07/2021","25,987.7","25,308.6","25,987.7","24,382.7","51.25M","4.99%"
"06/07/2021","24,753.1","26,728.4","26,821.0","24,753.1","36.37M","-6.96%"
"05/07/2021","26,604.9","26,851.9","26,882.7","26,080.2","42.67M","-0.81%"
"02/07/2021","26,821.0","27,037.0","27,037.0","26,759.3","28.77M","0.00%"
"01/07/2021","26,821.0","26,790.1","26,975.3","26,388.9","39.69M","0.23%"
"30/06/2021","26,759.3","26,851.9","27,438.3","26,759.3","42.11M","-0.23%"
"29/06/2021","26,821.0","26,666.7","27,037.0","26,234.6","29.65M","0.81%"
"28/06/2021","26,604.9","26,296.3","26,728.4","26,234.6","30.15M","2.37%"
"25/06/2021","25,987.7","25,925.9","26,049.4","25,493.8","30.38M","0.24%"
"24/06/2021","25,925.9","26,203.7","26,388.9","25,740.7","36.41M","0.24%"
"23/06/2021","25,864.2","26,080.2","26,203.7","25,617.3","38.36M","-0.24%"
"22/06/2021","25,925.9","25,308.6","26,203.7","25,246.9","57.44M","3.32%"
"21/06/2021","25,092.6","24,938.3","25,277.8","24,753.1","30.49M","0.25%"
"18/06/2021","25,030.9","25,308.6","25,308.6","24,969.1","42.16M","1.63%"
"17/06/2021","24,629.6","23,456.8","24,691.4","23,395.1","41.74M","3.10%"
"16/06/2021","23,888.9","24,228.4","24,413.6","23,858.0","33.54M","-1.53%"
"15/06/2021","24,259.3","24,259.3","24,660.5","23,858.0","40.32M","0.00%"
"14/06/2021","24,259.3","24,321.0","24,629.6","24,012.3","39.83M","-0.25%"
"11/06/2021","24,321.0","23,580.2","24,660.5","23,302.5","40.50M","3.96%"
"10/06/2021","23,395.1","23,765.4","24,043.2","23,271.6","25.20M","-1.69%"
"09/06/2021","23,796.3","22,901.2","23,950.6","22,685.2","49.62M","3.35%"
"08/06/2021","23,024.7","24,382.7","24,660.5","22,901.2","48.29M","-6.16%"
"07/06/2021","24,537.0","25,617.3","25,617.3","24,074.1","49.97M","-4.33%"
"04/06/2021","25,648.1","25,432.1","26,358.0","25,370.4","53.29M","0.97%"
"03/06/2021","25,401.2","24,691.4","25,401.2","24,598.8","47.12M","6.88%"
"02/06/2021","23,765.4","23,395.1","23,888.9","23,209.9","38.37M","0.79%"
"01/06/2021","23,580.2","23,827.2","23,981.5","23,518.5","26.46M","0.53%"
"31/05/2021","23,456.8","23,456.8","23,642.0","22,839.5","49.24M","0.80%"
"28/05/2021","23,271.6","22,592.6","23,271.6","22,345.7","42.73M","3.29%"
"27/05/2021","22,530.9","23,148.1","23,302.5","22,253.1","45.67M","-2.67%"
"26/05/2021","23,148.1","22,685.2","23,148.1","22,592.6","54.55M","4.75%"
"25/05/2021","22,098.8","21,481.5","22,098.8","21,450.6","36.92M","3.02%"
"24/05/2021","21,450.6","21,481.5","21,604.9","21,234.6","33.19M","0.29%"
"21/05/2021","21,388.9","21,234.6","21,759.3","21,142.0","32.21M","0.43%"
"20/05/2021","21,296.3","21,419.8","21,450.6","21,142.0","28.05M","0.00%"
"19/05/2021","21,296.3","20,802.5","21,296.3","20,617.3","47.58M","3.60%"
"18/05/2021","20,555.6","20,277.8","20,679.0","20,123.5","37.32M","1.22%"
"17/05/2021","20,308.6","20,679.0","20,679.0","20,246.9","31.07M","-0.30%"
"14/05/2021","20,370.4","20,617.3","20,617.3","20,277.8","35.08M","0.15%"
"13/05/2021","20,339.5","20,246.9","20,864.2","20,246.9","43.57M","-0.75%"
"12/05/2021","20,493.8","20,092.6","20,493.8","20,030.9","34.19M","1.53%"
"11/05/2021","20,185.2","20,493.8","20,617.3","20,185.2","33.02M","-1.51%"
"10/05/2021","20,493.8","19,506.2","20,648.1","19,475.3","58.95M","5.06%"
"07/05/2021","19,506.2","19,321.0","19,567.9","19,259.3","40.12M","0.00%"
"06/05/2021","19,506.2","19,567.9","19,814.8","19,351.9","30.64M","-0.32%"
"05/05/2021","19,567.9","19,475.3","20,000.0","19,444.4","41.92M","1.44%"
"04/05/2021","19,290.1","18,271.6","19,351.9","18,271.6","39.52M","2.97%"
"29/04/2021","18,734.6","18,827.2","19,104.9","18,734.6","30.68M","0.33%"
"28/04/2021","18,672.8","18,271.6","19,012.3","18,271.6","28.17M","2.20%"
"27/04/2021","18,271.6","18,271.6","18,487.7","18,024.7","16.29M","0.00%"
"26/04/2021","18,271.6","18,703.7","18,703.7","18,209.9","23.09M","-2.31%"
"23/04/2021","18,703.7","18,024.7","18,703.7","17,963.0","27.07M","3.77%"
"22/04/2021","18,024.7","18,765.4","18,827.2","18,024.7","21.44M","-4.26%"
"20/04/2021","18,827.2","18,950.6","19,135.8","18,580.2","20.97M","0.00%"
"19/04/2021","18,827.2","18,796.3","19,012.3","18,487.7","22.67M","0.99%"
"16/04/2021","18,642.0","18,765.4","18,919.8","18,395.1","28.69M","-1.31%"
"15/04/2021","18,888.9","19,290.1","19,290.1","18,858.0","30.62M","-2.08%"
"14/04/2021","19,290.1","19,012.3","19,351.9","18,888.9","24.46M","0.48%"
"13/04/2021","19,197.5","19,629.6","19,629.6","19,074.1","36.54M","-1.74%"
"12/04/2021","19,537.0","19,506.2","19,598.8","19,351.9","26.93M","0.96%"
"09/04/2021","19,351.9","19,197.5","19,413.6","19,043.2","27.39M","0.48%"
"08/04/2021","19,259.3","19,629.6","19,629.6","19,135.8","36.24M","-1.89%"
"07/04/2021","19,629.6","19,444.4","19,783.9","19,413.6","38.27M","1.27%"
"06/04/2021","19,382.7","18,950.6","19,413.6","18,827.2","53.84M","3.29%"
"05/04/2021","18,765.4","18,672.8","18,765.4","18,395.1","42.29M","2.70%"
"02/04/2021","18,271.6","18,271.6","18,333.3","18,055.6","28.98M","1.37%"
"01/04/2021","18,024.7","17,438.3","18,024.7","17,407.4","31.73M","3.73%"
"31/03/2021","17,376.5","17,500.0","17,623.5","17,345.7","17.03M","-0.53%"
"30/03/2021","17,469.1","17,438.3","17,716.0","17,253.1","21.36M","0.18%"
"29/03/2021","17,438.3","17,067.9","17,469.1","16,975.3","27.35M","2.73%"
"26/03/2021","16,975.3","16,851.9","17,129.6","16,512.3","23.18M","-0.18%"
"25/03/2021","17,006.2","17,098.8","17,283.9","16,975.3","21.38M","-0.18%"
"24/03/2021","17,037.0","17,283.9","17,376.5","16,913.6","26.04M","-2.65%"
"23/03/2021","17,500.0","17,685.2","17,716.0","17,438.3","24.47M","-1.05%"
"22/03/2021","17,685.2","18,024.7","18,055.6","17,592.6","25.32M","-1.88%"
"19/03/2021","18,024.7","17,901.2","18,117.3","17,901.2","16.07M","0.00%"
"18/03/2021","18,024.7","18,086.4","18,117.3","17,901.2","21.14M","0.69%"
"17/03/2021","17,901.2","17,685.2","17,901.2","17,685.2","22.98M","1.22%"
"16/03/2021","17,685.2","17,963.0","17,993.8","17,500.0","20.65M","-0.86%"
"15/03/2021","17,839.5","17,530.9","17,839.5","17,407.4","37.70M","2.30%"
"12/03/2021","17,438.3","17,530.9","17,561.7","17,376.5","26.47M","0.00%"
"11/03/2021","17,438.3","17,438.3","17,592.6","17,345.7","26.66M","1.07%"
"10/03/2021","17,253.1","16,913.6","17,345.7","16,728.4","34.98M","2.38%"
"09/03/2021","16,851.9","16,790.1","17,006.2","16,666.7","19.73M","-1.09%"
"08/03/2021","17,037.0","17,098.8","17,191.4","16,821.0","23.99M","0.91%"
"05/03/2021","16,882.7","16,728.4","16,975.3","16,543.2","30.84M","0.74%"
"04/03/2021","16,759.3","17,283.9","17,407.4","16,604.9","37.51M","-3.04%"
"03/03/2021","17,283.9","17,283.9","17,530.9","17,222.2","26.68M","-0.36%"
"02/03/2021","17,345.7","17,685.2","17,716.0","17,283.9","22.69M","-0.88%"
"01/03/2021","17,500.0","17,314.8","17,561.7","17,222.2","35.75M","2.53%"
"26/02/2021","17,067.9","16,543.2","17,160.5","16,481.5","36.21M","1.28%"
"25/02/2021","16,851.9","16,851.9","16,944.4","16,574.1","28.98M","1.11%"
"24/02/2021","16,666.7","17,067.9","17,160.5","16,604.9","32.22M","-1.46%"
"23/02/2021","16,913.6","16,512.3","16,975.3","16,419.8","51.17M","2.62%"
"22/02/2021","16,481.5","16,574.1","16,759.3","16,234.6","32.06M","-0.56%"
"19/02/2021","16,574.1","15,987.7","16,913.6","15,925.9","48.61M","2.48%"
"18/02/2021","16,172.8","16,049.4","16,234.6","15,802.5","37.82M","1.55%"
"17/02/2021","15,925.9","15,524.7","15,925.9","15,432.1","29.92M","4.24%"
"09/02/2021","15,277.8","14,814.8","15,277.8","14,691.4","25.81M","3.56%"
"08/02/2021","14,753.1","15,308.6","15,555.6","14,722.2","36.07M","-3.43%"
"05/02/2021","15,277.8","14,938.3","15,308.6","14,845.7","19.25M","2.91%"
"04/02/2021","14,845.7","15,000.0","15,030.9","14,691.4","17.97M","-0.82%"
"03/02/2021","14,969.1","14,629.6","15,030.9","14,444.4","32.14M","3.85%"
"02/02/2021","14,413.6","13,950.6","14,444.4","13,549.4","23.32M","6.14%"
"01/02/2021","13,580.2","14,197.5","14,506.2","13,549.4","26.18M","-6.18%"
"29/01/2021","14,475.3","13,148.1","14,506.2","13,148.1","31.76M","4.92%"
"28/01/2021","13,796.3","13,888.9","14,197.5","13,796.3","32.99M","-6.87%"
"27/01/2021","14,814.8","15,308.6","15,586.4","14,722.2","36.93M","-6.25%"
"26/01/2021","15,802.5","15,524.7","15,802.5","14,660.5","32.07M","1.59%"
"25/01/2021","15,555.6","15,679.0","15,925.9","15,524.7","17.70M","-1.56%"
"22/01/2021","15,802.5","15,864.2","16,018.5","15,617.3","20.09M","-0.77%"
"21/01/2021","15,925.9","15,432.1","15,925.9","15,061.7","23.84M","5.74%"
"20/01/2021","15,061.7","15,061.7","15,277.8","14,135.8","37.58M","0.00%"
"19/01/2021","15,061.7","16,172.8","16,172.8","15,061.7","35.94M","-6.87%"
"18/01/2021","16,172.8","16,512.3","16,574.1","16,172.8","22.42M","-2.06%"
"15/01/2021","16,512.3","16,604.9","16,790.1","16,388.9","32.27M","1.33%"
"14/01/2021","16,296.3","16,234.6","16,296.3","15,956.8","32.62M","1.54%"
"13/01/2021","16,049.4","16,142.0","16,419.8","15,987.7","30.21M","-0.57%"
"12/01/2021","16,142.0","16,265.4","16,358.0","15,864.2","26.81M","-0.76%"
"11/01/2021","16,265.4","16,666.7","16,790.1","16,172.8","37.88M","-0.94%"
"08/01/2021","16,419.8","16,172.8","16,882.7","16,049.4","41.90M","2.70%"
"07/01/2021","15,987.7","15,740.7","16,018.5","15,586.4","30.65M","2.37%"
"06/01/2021","15,617.3","15,740.7","16,049.4","15,432.1","35.74M","1.53%"
"05/01/2021","15,382.6","14,771.0","15,382.6","14,648.6","55.66M","5.01%"
"04/01/2021","14,648.6","14,312.2","14,893.3","14,128.8","69.27M","4.13%"
"31/12/2020","14,067.6","14,098.2","14,128.8","14,037.0","22.95M","0.44%"
"30/12/2020","14,006.4","14,006.4","14,159.3","14,006.4","20.93M","-0.22%"
"29/12/2020","14,037.0","14,098.2","14,098.2","13,975.8","17.84M","-0.43%"
"28/12/2020","14,098.2","14,373.4","14,373.4","13,975.8","27.12M","-0.22%"
"25/12/2020","14,128.8","13,945.3","14,159.3","13,822.9","20.94M","1.32%"
"24/12/2020","13,945.3","14,098.2","14,159.3","13,517.1","26.18M","-0.44%"
"23/12/2020","14,006.4","14,251.1","14,281.7","14,006.4","22.62M","-1.29%"
"22/12/2020","14,189.9","14,312.2","14,495.7","14,067.6","37.29M","-0.22%"
"21/12/2020","14,220.5","14,251.1","14,495.7","14,098.2","44.02M","0.65%"
"18/12/2020","14,128.8","13,761.8","14,128.8","13,547.7","28.62M","4.53%"
"17/12/2020","13,517.1","13,517.1","13,639.5","13,333.6","27.34M","-0.67%"
"16/12/2020","13,608.9","13,241.9","13,700.6","13,150.1","31.89M","3.49%"
"15/12/2020","13,150.1","13,364.2","13,364.2","13,089.0","21.39M","-1.60%"
"14/12/2020","13,364.2","13,211.3","13,394.8","13,211.3","22.93M","1.63%"
"11/12/2020","13,150.1","12,936.1","13,150.1","12,752.6","14.12M","2.14%"
"10/12/2020","12,874.9","13,119.6","13,180.7","12,844.3","22.24M","-1.64%"
"09/12/2020","13,089.0","13,150.1","13,303.1","13,058.4","21.08M","0.23%"
"08/12/2020","13,058.4","12,783.2","13,180.7","12,722.0","26.82M","2.15%"
"07/12/2020","12,783.2","12,813.7","12,874.9","12,722.0","13.49M","-0.24%"
"04/12/2020","12,813.7","12,844.3","12,936.1","12,752.6","30.11M","-0.24%"
"03/12/2020","12,844.3","13,180.7","13,180.7","12,752.6","36.70M","-1.64%"
"02/12/2020","13,058.4","12,783.2","13,089.0","12,752.6","29.55M","2.40%"
"01/12/2020","12,752.6","12,263.3","12,752.6","12,263.3","33.39M","2.46%"
"30/11/2020","12,446.8","12,477.3","12,599.7","12,355.0","30.26M","1.75%"
"27/11/2020","12,232.7","11,926.9","12,232.7","11,865.7","26.12M","2.56%"
"26/11/2020","11,926.9","11,774.0","11,926.9","11,743.4","20.31M","0.26%"
"25/11/2020","11,896.3","11,988.0","11,988.0","11,804.5","10.66M","0.52%"
"24/11/2020","11,835.1","11,865.7","11,926.9","11,743.4","14.00M","0.78%"
"23/11/2020","11,743.4","11,804.5","11,865.7","11,651.6","14.74M","-0.52%"
"20/11/2020","11,804.5","11,896.3","11,926.9","11,774.0","11.64M","-1.03%"
"19/11/2020","11,926.9","12,079.8","12,110.4","11,865.7","21.92M","-0.76%"
"18/11/2020","12,018.6","12,018.6","12,232.7","11,896.3","18.49M","0.51%"
"17/11/2020","11,957.5","11,712.8","11,957.5","11,682.2","16.26M","2.63%"
"16/11/2020","11,651.6","11,926.9","11,988.0","11,621.1","32.81M","-1.30%"
"13/11/2020","11,804.5","11,498.7","11,804.5","11,498.7","26.34M","3.21%"
"12/11/2020","11,437.6","11,192.9","11,437.6","11,162.3","17.24M","2.47%"
"11/11/2020","11,162.3","11,131.7","11,223.5","11,040.0","15.29M","0.83%"
"10/11/2020","11,070.6","11,254.1","11,315.2","11,070.6","11.08M","-0.82%"
"09/11/2020","11,162.3","11,070.6","11,192.9","11,040.0","6.07M","1.39%"
"06/11/2020","11,009.4","11,192.9","11,254.1","10,978.8","6.53M","-1.64%"
"05/11/2020","11,192.9","11,315.2","11,345.8","11,131.7","11.10M","-0.81%"
"04/11/2020","11,284.7","11,376.4","11,376.4","11,131.7","7.66M","1.10%"
"03/11/2020","11,162.3","11,070.6","11,223.5","11,009.4","5.87M","1.39%"
"02/11/2020","11,009.4","10,978.8","11,009.4","10,887.1","6.04M","1.12%"
"30/10/2020","10,887.1","10,948.3","10,978.8","10,764.8","9.38M","0.00%"
"29/10/2020","10,887.1","10,703.6","10,948.3","10,703.6","10.20M","1.42%"
"28/10/2020","10,734.2","10,856.5","10,978.8","10,703.6","11.18M","-1.96%"
"27/10/2020","10,948.3","11,254.1","11,254.1","10,948.3","15.59M","-2.72%"
"26/10/2020","11,254.1","11,498.7","11,529.3","11,254.1","14.51M","-2.39%"
"23/10/2020","11,529.3","11,621.1","11,621.1","11,407.0","10.80M","0.27%"
"22/10/2020","11,498.7","11,407.0","11,498.7","11,254.1","11.86M","1.35%"
"21/10/2020","11,345.8","11,559.9","11,651.6","11,345.8","15.53M","-0.80%"
"20/10/2020","11,437.6","11,192.9","11,468.1","11,162.3","17.22M","2.47%"
"19/10/2020","11,162.3","11,009.4","11,223.5","11,009.4","17.31M","2.24%"
"16/10/2020","10,917.7","10,856.5","10,948.3","10,825.9","14.96M","1.42%"
"15/10/2020","10,764.8","10,825.9","10,825.9","10,734.2","6.97M","-0.28%"
"14/10/2020","10,795.3","10,642.4","10,856.5","10,642.4","8.05M","0.86%"
"13/10/2020","10,703.6","10,764.8","10,764.8","10,611.9","6.63M","-0.29%"
"12/10/2020","10,734.2","10,795.3","10,856.5","10,673.0","7.89M","0.00%"
"09/10/2020","10,734.2","10,795.3","10,825.9","10,734.2","6.33M","-0.57%"
"08/10/2020","10,795.3","10,948.3","10,948.3","10,764.8","11.24M","0.28%"
"07/10/2020","10,764.8","10,856.5","10,887.1","10,764.8","11.85M","-1.40%"
"06/10/2020","10,917.7","10,978.8","10,978.8","10,825.9","11.63M","0.85%"
"05/10/2020","10,825.9","10,703.6","10,887.1","10,703.6","17.58M","2.54%"
"02/10/2020","10,557.3","10,583.9","10,637.1","10,451.0","20.47M","0.00%"
"01/10/2020","10,557.3","10,583.9","10,637.1","10,477.6","14.98M","0.51%"
"30/09/2020","10,504.2","10,451.0","10,530.7","10,397.8","8.97M","0.51%"
"29/09/2020","10,451.0","10,637.1","10,663.7","10,451.0","15.00M","-1.75%"
"28/09/2020","10,637.1","10,504.2","10,690.3","10,451.0","16.29M","2.04%"
"25/09/2020","10,424.4","10,477.6","10,504.2","10,291.4","12.23M","0.00%"
"24/09/2020","10,424.4","10,291.4","10,451.0","10,211.6","23.23M","2.08%"
"23/09/2020","10,211.6","10,264.8","10,318.0","10,158.4","12.72M","0.00%"
"22/09/2020","10,211.6","10,131.9","10,238.2","10,105.3","18.75M","0.79%"
"21/09/2020","10,131.9","10,105.3","10,238.2","10,025.5","20.34M","1.60%"
"18/09/2020","9,972.3","9,679.8","9,998.9","9,653.2","22.16M","3.59%"
"17/09/2020","9,626.6","9,600.0","9,812.7","9,600.0","13.93M","0.00%"
"16/09/2020","9,626.6","9,600.0","9,653.2","9,573.4","4.91M","0.00%"
"15/09/2020","9,626.6","9,653.2","9,706.4","9,600.0","6.95M","-0.28%"
"14/09/2020","9,653.2","9,573.4","9,706.4","9,546.8","8.61M","1.68%"
"11/09/2020","9,493.6","9,467.0","9,520.2","9,387.3","4.19M","0.28%"
"10/09/2020","9,467.0","9,520.2","9,573.4","9,467.0","5.88M","0.28%"
"09/09/2020","9,440.4","9,360.7","9,467.0","9,360.7","6.99M","-0.28%"
"08/09/2020","9,467.0","9,467.0","9,493.6","9,334.1","6.54M","0.56%"
"07/09/2020","9,413.9","9,653.2","9,653.2","9,413.9","14.39M","-1.94%"
"04/09/2020","9,600.0","9,493.6","9,626.6","9,493.6","9.52M","-0.82%"
"03/09/2020","9,679.8","9,679.8","9,759.6","9,626.6","9.31M","0.55%"
"01/09/2020","9,626.6","9,600.0","9,626.6","9,520.2","9.52M","0.84%"
"31/08/2020","9,546.8","9,573.4","9,679.8","9,520.2","7.36M","0.28%"
"28/08/2020","9,520.2","9,573.4","9,653.2","9,520.2","11.36M","0.00%"
"27/08/2020","9,520.2","9,520.2","9,573.4","9,440.4","6.76M","0.00%"
"26/08/2020","9,520.2","9,573.4","9,653.2","9,520.2","9.84M","-0.83%"
"25/08/2020","9,600.0","9,520.2","9,733.0","9,493.6","23.22M","1.40%"
"24/08/2020","9,467.0","9,254.3","9,493.6","9,254.3","15.69M","2.89%"
"21/08/2020","9,201.1","9,068.1","9,201.1","9,041.6","9.66M","1.47%"
"20/08/2020","9,068.1","9,068.1","9,121.3","9,015.0","7.89M","0.00%"
"19/08/2020","9,068.1","9,041.6","9,068.1","8,988.4","7.33M","0.29%"
"18/08/2020","9,041.6","9,094.7","9,121.3","8,988.4","5.10M","-0.58%"
"17/08/2020","9,094.7","9,121.3","9,147.9","8,961.8","7.25M","-0.29%"
"14/08/2020","9,121.3","8,988.4","9,147.9","8,961.8","10.69M","1.18%"
"13/08/2020","9,015.0","9,015.0","9,041.6","8,935.2","5.13M","0.59%"
"12/08/2020","8,961.8","8,775.6","8,988.4","8,775.6","10.52M","2.12%"
"11/08/2020","8,775.6","8,802.2","8,828.8","8,722.4","6.17M","0.30%"
"10/08/2020","8,749.0","8,775.6","8,802.2","8,695.8","6.95M","0.92%"
"07/08/2020","8,669.3","8,695.8","8,749.0","8,669.3","3.84M","-0.30%"
"06/08/2020","8,695.8","8,775.6","8,802.2","8,695.8","5.74M","-1.21%"
"05/08/2020","8,802.2","8,722.4","8,802.2","8,616.1","5.53M","0.91%"
"04/08/2020","8,722.4","8,669.3","8,775.6","8,616.1","4.81M","1.23%"
"03/08/2020","8,616.1","8,350.1","8,616.1","8,350.1","7.89M","2.86%"
"31/07/2020","8,376.7","8,350.1","8,456.5","8,243.8","5.31M","-0.63%"
"30/07/2020","8,429.9","8,403.3","8,456.5","8,350.1","5.15M","1.28%"
"29/07/2020","8,323.5","8,456.5","8,456.5","8,164.0","9.20M","-3.99%"
"28/07/2020","8,669.3","8,456.5","8,695.8","8,243.8","12.18M","6.19%"
"27/07/2020","8,164.0","8,456.5","8,562.9","8,164.0","18.78M","-6.97%"
"24/07/2020","8,775.6","9,041.6","9,041.6","8,722.4","15.58M","-3.23%"
"23/07/2020","9,068.1","9,121.3","9,147.9","9,015.0","6.03M","-0.58%"
"22/07/2020","9,121.3","9,254.3","9,254.3","9,121.3","5.12M","-0.87%"
"21/07/2020","9,201.1","9,201.1","9,201.1","9,121.3","5.77M","0.58%"
"20/07/2020","9,147.9","9,307.5","9,334.1","9,147.9","5.75M","-1.71%"
"17/07/2020","9,307.5","9,307.5","9,334.1","9,254.3","7.44M","0.00%"
"16/07/2020","9,307.5","9,307.5","9,307.5","9,201.1","7.11M","1.16%"
"15/07/2020","9,201.1","9,201.1","9,254.3","9,147.9","5.53M","0.87%"
"14/07/2020","9,121.3","9,121.3","9,147.9","9,041.6","6.68M","-0.29%"
"13/07/2020","9,147.9","9,174.5","9,254.3","9,121.3","4.37M","-0.29%"
"10/07/2020","9,174.5","9,254.3","9,254.3","9,147.9","4.05M","-1.15%"
"09/07/2020","9,280.9","9,174.5","9,307.5","9,147.9","7.10M","1.75%"
"08/07/2020","9,121.3","9,068.1","9,147.9","9,068.1","3.42M","0.29%"
"07/07/2020","9,094.7","9,121.3","9,147.9","9,041.6","6.70M","0.59%"
"06/07/2020","9,041.6","8,988.4","9,121.3","8,961.8","5.59M","0.89%"
"03/07/2020","8,961.8","8,988.4","9,015.0","8,935.2","2.33M","0.00%"
"02/07/2020","8,961.8","8,988.4","9,015.0","8,908.6","3.06M","-0.30%"
"01/07/2020","8,988.4","8,855.4","8,988.4","8,828.8","3.89M","1.81%"
"30/06/2020","8,828.8","9,041.6","9,094.7","8,802.2","6.39M","-1.48%"
"29/06/2020","8,961.8","9,147.9","9,201.1","8,908.6","11.21M","-2.88%"
"26/06/2020","9,227.7","9,280.9","9,307.5","9,174.5","3.76M","0.00%"
"25/06/2020","9,227.7","9,254.3","9,280.9","9,201.1","5.09M","-1.14%"
"24/06/2020","9,334.1","9,360.7","9,467.0","9,307.5","10.79M","0.29%"
"23/06/2020","9,307.5","9,307.5","9,387.3","9,280.9","6.92M","0.00%"
"22/06/2020","9,307.5","9,334.1","9,440.4","9,280.9","4.93M","0.00%"
"19/06/2020","9,307.5","9,254.3","9,307.5","9,201.1","5.85M","1.16%"
"18/06/2020","9,201.1","9,227.7","9,254.3","9,147.9","4.31M","0.00%"
"17/06/2020","9,201.1","9,254.3","9,307.5","9,174.5","4.06M","-0.57%"
"16/06/2020","9,254.3","9,174.5","9,307.5","9,121.3","11.05M","2.35%"
"15/06/2020","9,041.6","9,413.9","9,440.4","8,988.4","16.97M","-3.68%"
"12/06/2020","9,387.3","9,094.7","9,387.3","9,094.7","18.87M","0.86%"
"11/06/2020","9,307.5","9,945.7","10,025.5","9,307.5","18.53M","-5.91%"
"10/06/2020","9,892.5","9,600.0","10,025.5","9,546.8","19.36M","2.76%"
"09/06/2020","9,626.6","9,653.2","9,679.8","9,600.0","11.19M","0.00%"
"08/06/2020","9,626.6","9,653.2","9,733.0","9,600.0","15.26M","1.12%"
"05/06/2020","9,520.2","9,546.8","9,573.4","9,467.0","12.91M","-0.56%"
"04/06/2020","9,573.4","9,653.2","9,733.0","9,573.4","16.23M","-0.28%"
"03/06/2020","9,600.0","9,573.4","9,626.6","9,520.2","8.27M","0.84%"
"02/06/2020","9,520.2","9,573.4","9,733.0","9,520.2","26.36M","0.28%"
"01/06/2020","9,493.6","9,174.5","9,600.0","9,174.5","32.24M","3.78%"
"29/05/2020","9,147.9","9,201.1","9,201.1","9,121.3","8.22M","-0.58%"
"28/05/2020","9,201.1","9,227.7","9,307.5","9,174.5","6.47M","0.00%"
"27/05/2020","9,201.1","9,467.0","9,467.0","9,201.1","20.33M","-1.71%"
"26/05/2020","9,360.7","9,254.3","9,360.7","9,227.7","17.22M","1.73%"
"25/05/2020","9,201.1","9,174.5","9,280.9","9,147.9","7.98M","0.29%"
"22/05/2020","9,174.5","9,307.5","9,387.3","9,147.9","14.49M","-1.99%"
"21/05/2020","9,360.7","9,227.7","9,387.3","9,174.5","16.42M","1.73%"
"20/05/2020","9,201.1","9,174.5","9,254.3","9,121.3","7.64M","-0.57%"
"19/05/2020","9,254.3","9,254.3","9,307.5","9,174.5","17.24M","2.05%"
"18/05/2020","9,068.1","9,015.0","9,094.7","8,935.2","8.82M","0.59%"
"15/05/2020","9,015.0","9,254.3","9,280.9","9,015.0","15.14M","-2.02%"
"14/05/2020","9,201.1","9,201.1","9,334.1","9,094.7","13.86M","-1.14%"
"13/05/2020","9,307.5","9,254.3","9,387.3","9,041.6","19.81M","1.74%"
"12/05/2020","9,147.9","8,935.2","9,147.9","8,828.8","22.46M","2.38%"
"11/05/2020","8,935.2","8,988.4","9,041.6","8,775.6","26.08M","1.21%"